question,answer,source,domain,level,hf_id
"Twelve students participated in a theater festival consisting of \( n \) different performances. Suppose there were six students in each performance, and each pair of performances had at most two students in common. Determine the largest possible value of \( n \).",4,Olympiads,olympiads,,19623
"In triangle \( \triangle ABC \), \( |AB| = 13 \), \( |BC| = 14 \), \( |CA| = 15 \), an internal point \( P \) satisfies
\[ 
\overrightarrow{BP} \cdot \overrightarrow{CA} = 18 \text{ and } \overrightarrow{CP} \cdot \overrightarrow{BA} = 32.
\]
What is \( \overrightarrow{AP} \cdot \overrightarrow{BC} \)?",14,Olympiads,olympiads,,6267
"Petya considered moments of life to be happy when his electronic clock showed the number of hours to be four times the number of minutes or vice versa. Petya fell asleep and woke up during a happy moment of his life, without missing any such moments. What is the maximum whole number of minutes Petya's sleep could have lasted?",239,Olympiads,olympiads,,12090
"Let \( n \) be a positive integer greater than 1. If \( 2n \) is divided by 3, the remainder is 2. If \( 3n \) is divided by 4, the remainder is 3. If \( 4n \) is divided by 5, the remainder is 4. If \( 5n \) is divided by 6, the remainder is 5. What is the least possible value of \( n \)?",61,Olympiads,olympiads,,7175
"Let the mean square of \( n \) numbers \( a_{1}, a_{2}, \cdots, a_{n} \) be defined as \(\left(\frac{a_{1}^{2} + a_{2}^{2} + \cdots + a_{n}^{2}}{n}\right)^{\frac{1}{2}}\). Let \( M \) be the set of all values of \( n \) such that the mean square of the first \( n \) positive integers is an integer, where \( n > 1 \). Find the smallest element in the set \( M \).",337,Olympiads,olympiads,,7174
"It is known that for real numbers \(a\) and \(b\), the following equalities hold:

\[ 
a^3 - 3ab^2 = 11, \quad b^3 - 3a^2b = 2 
\]

What values can the expression \(a^2 + b^2\) take?",5,Olympiads,olympiads,,9568
How many parts must a worker make to exceed the plan of 40 parts by at least 47%?,59,Olympiads,olympiads,,28106
"Given a function \( f: \mathbf{N} \rightarrow \mathbf{Z} \) such that for any natural number \( n \),
\[ |f(n)| = n, \text{ and } 0 \leq \sum_{k=1}^{n} f(k) < 2n. \]
Find \( \sum_{n=1}^{2019} f(n) \).",630,Olympiads,olympiads,,3352
"The diagram below represents the Shanghai metro system, where the points represent different metro stations and the lines represent different metro lines. Xiao Ming is a student who wishes to find a route that allows him to pass through all the stations. He can start at any station and end at any station (as long as he passes through all the stations). Assuming he must repeat passing through \( n \) stations, what is the minimum value of \( n \)?",3,Olympiads,olympiads,,15230
"How many roots does the equation

$$
\overbrace{f(f(\ldots f}^{10 \text{ times } f}(x) \ldots)) + \frac{1}{2} = 0
$$

have, where \( f(x) = |x| - 1 \)?",20,Olympiads,olympiads,,1240
"Given real numbers \(a_{1}, a_{2}, \ldots, a_{2018}\), all pairwise distinct, and there exists a real number \(t\) such that \(a_{i} + \frac{1}{a_{i+1}} = t\) for \(i\).",1008,Olympiads,olympiads,,12374
"A board for playing ""Battleship"" has a size of $10 \times 10$. What is the maximum number of ships with a size of $1 \times 4$ that can be placed on it?",24,Olympiads,olympiads,,2087
A two-digit number whose digit sum is its divisor and the digit difference (larger digit minus smaller digit) is also its divisor. How many such two-digit numbers are there?,19,Olympiads,olympiads,,2280
"Let a regular $n$-sided polygon have a side length $a$ and the longest and shortest diagonals be $b$ and $c$ respectively. If $a = b - c$, determine $n$.",9,Olympiads,olympiads,,17584
How many points on the parabola \( y = x^2 \) (other than the origin) have the property that the tangent at these points intersects both coordinate axes at points with integer coordinates whose absolute values do not exceed 2020?,44,Olympiads,olympiads,,6246
The numbers from 1 to 9 are placed in the cells of a 3x3 table so that the sum of the numbers on one diagonal is 7 and the sum on the other diagonal is 21. What is the sum of the numbers in the five shaded cells?,25,Olympiads,olympiads,,27020
"The area of a rectangle is 180 square units and the perimeter is 54 units. If the length of each side of the rectangle is increased by six units, what is the area of the resulting rectangle?",378,Olympiads,olympiads,,26710
"Find the maximum positive integer \( n \) such that
\[ 
n^{2} \leq 160 \times 170 \times 180 \times 190
\]",30499,Olympiads,olympiads,,3550
"Let the real numbers \(a_1, a_2, \cdots, a_{100}\) satisfy the following conditions: (i) \(a_1 \geq a_2 \geq \cdots \geq a_{100} \geq 0\); (ii) \(a_1 + a_2 \leq 100\); (iii) \(a_3 + a_4 + \cdots + a_{100} \leq 100\). Find the maximum value of \(a_1^2 + a_2^2 + \cdots + a_{100}^2\) and the values of \(a_1, a_2, \cdots, a_{100}\) that achieve this maximum.",10000,Olympiads,olympiads,,9969
"Lynne is tiling her long and narrow rectangular front hall. The hall is 2 tiles wide and 13 tiles long. She is going to use exactly 11 black tiles and exactly 15 white tiles. Determine the number of distinct ways of tiling the hall so that no two black tiles are adjacent (that is, share an edge).",486,Olympiads,olympiads,,22648
"In the diagram, the area of hexagon \(ABCDEF\) is 2010 square centimeters. It is known that the areas of \(\triangle ABC\), \(\triangle BCD\), \(\triangle CDE\), \(\triangle DEF\), \(\triangle EFA\), and \(\triangle FAB\) are all equal to 335 square centimeters. The total area of the six shaded triangles is 670 square centimeters. Find the area of hexagon \(A_{1}B_{1}C_{1}D_{1}E_{1}F_{1}\).",670,Olympiads,olympiads,,6042
Let \( n \) be a natural number. What digit is immediately after the decimal point in the decimal representation of \( \sqrt{n^{2} + n} \)?,4,Olympiads,olympiads,,18424
What is the largest positive integer \( n \) for which \( n^3 + 2006 \) is divisible by \( n + 26 \)?,15544,Olympiads,olympiads,,27106
"The function \( f(x) = \frac{x+1}{x} + \frac{x+2}{x+1} + \cdots + \frac{x+2023}{x+2022} \) has a center of symmetry at \((a, b)\). What is the value of \(2a + b\)?",1,Olympiads,olympiads,,58
"The sum of two numbers is 50, and their product is 25. If the sum of their reciprocals is \(a\), find \(a\).",2,Olympiads,olympiads,,5733
"A store was selling each unit of a toy for $R \$ 13.00$. To sell its entire inventory, which was no more than 100 units, the store management decided to lower the price by an integer number of reais, obtaining $\text{R} \$ 781.00$ for the entire inventory. What was the reduction in the price per unit?",2,Olympiads,olympiads,,5992
"A kangaroo is jumping in the quadrant $x \geqslant 0, y \geqslant 0$ of the coordinate plane $Oxy$ in the following manner: from the point $(x, y)$, the kangaroo can jump to the point $(x-5, y+7)$ or to the point $(x+1, y-1)$. However, jumping to points where one of the coordinates is negative is not allowed. From which initial points $(x, y)$ can the kangaroo not reach a point that is more than 1000 units away from the origin? Draw the set of all such points $(x, y)$ and determine its area.",15,Olympiads,olympiads,,5789
Compute the greatest common divisor of \(4^{8} - 1\) and \(8^{12} - 1\).,15,Olympiads,olympiads,,14423
"For the four-digit number \(\overline{abcd}\) where \(1 \leqslant a \leqslant 9\) and \(0 \leqslant b, c, d \leqslant 9\), if \(a > b, b < c, c > d\), then \(\overline{abcd}\) is called a \(P\)-type number. If \(a < b, b > c, c < d\), then \(\overline{abcd}\) is called a \(Q\)-type number. Let \(N(P)\) and \(N(Q)\) represent the number of \(P\)-type and \(Q\)-type numbers respectively. Find the value of \(N(P) - N(Q)\).",285,Olympiads,olympiads,,19706
"To open the safe, you need to enter a code — a number consisting of seven digits: twos and threes. The safe will open if there are more twos than threes, and the code is divisible by both 3 and 4. Create a code that opens the safe.",2222232,Olympiads,olympiads,,3980
"Point \( M \) is located on the lateral side \( AB \) of trapezoid \( ABCD \), such that \( AM : BM = 2 : 1 \). A line passing through point \( M \) parallel to the bases \( AD \) and \( BC \) intersects the lateral side \( CD \) at point \( N \). Find \( MN \), if \( AD = 18 \) and \( BC = 6 \).",10,Olympiads,olympiads,,28786
"The center of the city is a rectangle of \(5 \times 8\) km, consisting of 40 blocks of size \(1 \times 1\) km, with the boundaries being streets that form 54 intersections. What is the minimum number of police officers needed at intersections such that each intersection can be reached by a police officer driving no more than 2 km on the city streets?",6,Olympiads,olympiads,,20810
"There were no more than 70 mushrooms in the basket, among which 52% were white. If you throw out the three smallest mushrooms, the white mushrooms will become half of the total.

How many mushrooms are in the basket?",25,Olympiads,olympiads,,14861
"A travel agency conducted a promotion: ""Buy a trip to Egypt, bring four friends who also buy trips, and get your trip cost refunded."" During the promotion, 13 customers came on their own, and the rest were brought by friends. Some of these customers each brought exactly four new clients, while the remaining 100 brought no one. How many tourists went to the Land of the Pyramids for free?",29,Olympiads,olympiads,,2867
"Suppose you have 9 evenly spaced dots in a circle on a piece of paper. You want to draw a 9-pointed star by connecting dots around the circle without lifting your pencil, skipping the same number of dots each time.

Determine the number of different stars that can be drawn, if the regular nonagon does not count as a star.",2,Olympiads,olympiads,,3539
"A cafeteria serves ham and cheese sandwiches, ham and tomato sandwiches, and tomato and cheese sandwiches. On a certain day, 80 customers had meals containing both ham and cheese; 90 had meals containing both ham and tomatoes; 100 had meals containing both tomatoes and cheese; and 20 customers had meals that included all three ingredients. How many customers were there?",230,Olympiads,olympiads,,14926
The periods of two sequences are 7 and 13. What is the maximum length of an initial segment that can coincide for both sequences?,18,Olympiads,olympiads,,3017
"There are several (more than three) balls in a box. Each is painted in some color. If you take any three balls out of the box, among them there will definitely be at least one red ball and at least one blue ball. How many balls can be in the box?",4,Olympiads,olympiads,,12446
"Find all positive integers \( n \) for which we can find one or more integers \( m_1, m_2, ..., m_k \), each at least 4, such that:
1. \( n = m_1 m_2 ... m_k \)
2. \( n = 2^M - 1 \), where \( M = \frac{(m_1 - 1)(m_2 - 1) ... (m_k - 1)}{2^k} \)",7,Olympiads,olympiads,,950
"When the integers \(1108 + a\), \(1453\), \(1844 + 2a\), and \(2281\) are divided by some positive integer \(n (> 1)\), they all get the same remainder \(b\). Determine the value of \(b\).",4,Olympiads,olympiads,,364
"In the village of Znoynoe, there are exactly 1000 inhabitants, which exceeds the average population of the villages in the valley by 90 people.

How many inhabitants are there in the village of Raduzhny, which is also located in the Sunny Valley?",900,Olympiads,olympiads,,16387
"Three cyclists are riding in the same direction on a circular track with a length of 300 meters. Each cyclist moves at a constant speed, all at different speeds. A photographer can take a successful photo of the cyclists if they all appear within a section of the track that is $d$ meters long. What is the minimum $d$ such that the photographer will definitely be able to take a successful photo sooner or later?",75,Olympiads,olympiads,,7550
"The fraction \(\frac{1}{2015}\) has a unique ""(restricted) partial fraction decomposition"" of the form
\[ \frac{1}{2015}=\frac{a}{5}+\frac{b}{13}+\frac{c}{31}, \]
where \(a, b, c\) are integers with \(0 \leq a < 5\) and \(0 \leq b < 13\). Find \(a + b\).",14,Olympiads,olympiads,,16087
"Find the largest real number \( m \) such that for all positive numbers \( a, b, \) and \( c \) satisfying \( a + b + c = 1 \),
$$
10\left(a^{3}+b^{3}+c^{3}\right)-m\left(a^{5}+b^{5}+c^{5}\right) \geqslant 1.
$$",9,Olympiads,olympiads,,22806
"In a plane, there is an open, non-self-intersecting polygonal chain with 31 links (adjacent links do not lie on the same line). A line containing each link was drawn through every link. A total of 31 lines were obtained, some of which may coincide. What is the minimum number of distinct lines that could be obtained?",9,Olympiads,olympiads,,26759
"In the sequence \(\left\{a_{n}\right\}\), the second differences of the terms are all 16, and given that \(a_{63} = a_{89} = 10\), find \(a_{51}\).",3658,Olympiads,olympiads,,22869
Is it possible to append two digits to the right of the number 277 so that the resulting number is divisible by any number from 2 to 12?,27720,Olympiads,olympiads,,10076
"To each element in a certain finite sequence of consecutive natural numbers, two digits were appended to the right, forming a sequence of squares of consecutive natural numbers. What is the maximum number of elements this sequence could have?",19,Olympiads,olympiads,,8134
"The set includes 8 weights: 5 identical round ones, 2 identical triangular ones, and one rectangular weight weighing 90 grams.

It is known that 1 round and 1 triangular weight balance 3 round weights. Additionally, 4 round weights and 1 triangular weight balance 1 triangular, 1 round, and 1 rectangular weight.

How much does the triangular weight weigh?",60,Olympiads,olympiads,,14533
"In the figure, the number filled in ""$O$"" is equal to the product of the numbers in the three connecting ""$\triangle$s"", and the number in the ""$\square$"" is equal to the sum of the numbers in the three connecting ""$\bigcirc$s"". Given the numbers $5, 6, 7, 8, 9$ are filled into the five ""$\triangle$s"", what is the maximum number that can be in the ""$\square$""?",1251,Olympiads,olympiads,,16832
"Chessboard squares are numbered from 1 to 64 such that adjacent numbers are in adjacent (side-by-side) squares.

What is the smallest possible sum of the numbers on the diagonal?",88,Olympiads,olympiads,,1698
"Let \( n \) be the maximum number of bishops that can be placed on the squares of a \( 6 \times 6 \) chessboard such that no two bishops are attacking each other. Let \( k \) be the number of ways to put \( n \) bishops on a \( 6 \times 6 \) chessboard such that no two bishops are attacking each other. Find \( n + k \). (Two bishops are considered to be attacking each other if they lie on the same diagonal. Equivalently, if we label the squares with coordinates \((x, y)\), with \( 1 \leq x, y \leq 6 \), then the bishops on \((a, b)\) and \((c, d)\) are attacking each other if and only if \( |a - c| = |b - d| \).)",74,Olympiads,olympiads,,17433
"Given that the angle between vectors $\boldsymbol{a}$ and $\boldsymbol{b}$ is $120^{\circ}$, and $|\boldsymbol{a}|=2$, $|\boldsymbol{b}|=5$, find the value of $(2 \boldsymbol{a}-\boldsymbol{b}) \cdot \boldsymbol{a}$.",13,Olympiads,olympiads,,32222
A square with a side of 100 was cut into two equal rectangles. These rectangles were placed together as shown in the figure. Find the perimeter of the resulting shape.,500,Olympiads,olympiads,,13971
Let \( b \) be the maximum of the function \( y = \left|x^{2} - 4\right| - 6x \) (where \( -2 \leq x \leq 5 \) ). Find the value of \( b \).,12,Olympiads,olympiads,,32104
Count how many 8-digit numbers there are that contain exactly four nines as digits.,433755,Olympiads,olympiads,,1321
"A product of five primes is of the form \(ABC, ABC\), where \(A, B\), and \(C\) represent digits. If one of the primes is 491, find the product \(ABC, ABC\).",982982,Olympiads,olympiads,,23900
"Find the number of integers that belong to the range of the function:

$$
f(x) = 2 \cos 2x + 2 \cos x - 2019
$$",7,Olympiads,olympiads,,26905
"There are 30 students in a class: top achievers, average students, and underachievers. Top achievers always answer questions correctly, underachievers always get answers wrong, and average students answer questions in a strict alternating pattern of correct and incorrect. Each student was asked three questions: ""Are you a top achiever?"", ""Are you an average student?"", ""Are you an underachiever?"". 19 students responded ""Yes"" to the first question, 12 to the second question, and 9 to the third question. How many average students are in this class?",20,Olympiads,olympiads,,28226
"Arrange the 6 numbers $2, 0, 1, 9, 20, 19$ in any order to form an 8-digit number (the first digit is not 0). How many different 8-digit numbers can be generated?",498,Olympiads,olympiads,,6372
How many integers from 1 to 1997 have a sum of digits that is divisible by 5?,399,Olympiads,olympiads,,13833
"At an open evening at the conservatory, four quartets, five duets, and six trios were supposed to perform (a quartet consists of four musicians, a trio consists of three, and a duet consists of two; each musician is only part of one musical group). However, one quartet and two duets unexpectedly went on tour, and the soloist of one of the trios fell ill, and the members of this trio had to perform as a duo. How many musicians performed at the conservatory that evening?",35,Olympiads,olympiads,,14852
Determine the largest positive integer \( n \) for which \( 7^{n} \) is a divisor of the integer \(\frac{200!}{90! \cdot 30!}\).,15,Olympiads,olympiads,,19622
"Three people, A, B, and C, regularly go to the library. A goes every 1 day, B goes every 2 days, and C goes every 3 days. They all meet at the library on the last day of February. Determine how many days from March 1 to June 30, inclusively, only one of the three goes to the library.",41,Olympiads,olympiads,,28316
"Thirty people are sitting around a round table, each of whom is either a knight, who always tells the truth, or a liar, who always lies. Each person was asked: ""How many knights are among your neighbors?"" (Two people are called neighbors if there are no other people sitting between them.) Ten people answered ""one"", ten answered ""two"", and ten answered ""none"". What is the maximum possible number of knights at the table?",22,Olympiads,olympiads,,20563
"Multiply and simplify the following expression:

\[
\frac{1-a x}{1+a x} \cdot \sqrt{\frac{1+b x}{1-b x}}
\]

with the condition:

\[
x=\frac{1}{a} \cdot \sqrt{\frac{2 a-b}{b}}
\]

and the constraints:

\[
0 < \frac{b}{2} < a < b.
\]",1,Olympiads,olympiads,,12948
"The TV show ""The Mystery of Santa Barbara"" features 20 characters. In each episode, one of the following events occurs: a certain character learns the Mystery, a certain character learns that someone knows the Mystery, or a certain character learns that someone does not know the Mystery. What is the maximum number of episodes the series can continue?",780,Olympiads,olympiads,,17773
"A school volleyball team played several matches. After winning the next match, the share of victories increased by $1 / 6$. In order to increase the share of victories by another $1 / 6$, the team had to win two more consecutive matches. What is the minimum number of wins the team needs to achieve to increase the share of victories by another $1 / 6$?",6,Olympiads,olympiads,,19028
Determine a value of \( n \) for which the number \( 2^{8} + 2^{11} + 2^{n} \) is a perfect square.,12,Olympiads,olympiads,,16134
"On a chessboard, some centers of cells are marked such that none of the triangles with marked vertices is a right triangle. What is the maximum number of points that could be marked?",14,Olympiads,olympiads,,8690
"Find the number of integers in the set \(\{1,2,3, \ldots, 2009\}\) whose sum of the digits is 11.",133,Olympiads,olympiads,,4240
"A circle touches the sides of an angle at points $A$ and $B$. The distance from a point $C$ on the circle to the line $A B$ is 6. Find the sum of the distances from point $C$ to the sides of the angle, given that one of these distances is 5 more than the other.",13,Olympiads,olympiads,,6334
"In a quiz at the SFU Museum of Entertaining Sciences, 10 schoolchildren are participating. In each round, the participants are divided into pairs. Each participant meets every other participant exactly once. A victory in a duel earns 1 point, a draw 0.5 points, and a defeat 0 points. What is the minimum number of rounds required for an early winner to emerge?",7,Olympiads,olympiads,,26289
"How many planes?

The Absent-Minded Scientist’s work involves long business trips, so he often flies with the same airline. This airline has many identical planes, all of which have names. Because the Scientist does not travel every day or even every week, it can be assumed that each time, he ends up on a random plane. Out of curiosity and habit, the Absent-Minded Scientist records the name of the plane he flies each time. On his fifteenth flight, the Scientist found himself on a plane proudly named ""Siméon Denis Poisson."" After takeoff, the Scientist took out his notebook to record the plane's name and discovered that he had already flown on ""Poisson"" once before, and there had been no repetitions prior to this. Estimate the number of planes in the airline's fleet.",134,Olympiads,olympiads,,19719
"How many numbers of the form $\overline{a b a b a b}$, where $a$ and $b$ are different digits and $a \neq 0$, are divisible by 217?",3,Olympiads,olympiads,,22161
"In a math competition, there are 8 fill-in-the-blank questions worth 4 points each if answered correctly, and 6 short-answer questions worth 7 points each if answered correctly. If 400 people participated in the competition, what is the minimum number of people who have the same total score?",8,Olympiads,olympiads,,16857
"A four-digit square number has the property that the sum of its two middle digits is equal to its first digit from the left, and the sum of its first and third digits is ten times its last digit. What is this square number?",6241,Olympiads,olympiads,,21212
"The natural numbers \(a, x\) and \(y\), each greater than 100, satisfy the equation \(y^{2} - 1 = a^{2}(x^{2} - 1)\). What is the smallest value that the fraction \(\frac{\alpha}{x}\) can take?",2,Olympiads,olympiads,,8061
"In the Cartesian coordinate system $xOy$, the line $l$ passes through the origin, and $\bar{n}=(3,1)$ is a normal vector of $l$. Given the sequence $\left\{a_{n}\right\}$ satisfies: for any positive integer $n$, the point $\left(a_{n+1}, a_{n}\right)$ lies on $l$. If $a_{2}=6$, then the value of $a_{1} a_{2} a_{3} a_{4} a_{5}$ is $\qquad$",-32,Olympiads,olympiads,,11468
"The principal of a certain school decided to take a photo of the graduating class of 2008. He arranged the students in parallel rows, all with the same number of students, but this arrangement was too wide for the field of view of his camera. To solve this problem, the principal decided to take one student from each row and place them in a new row. This arrangement displeased the principal because the new row had four students fewer than the other rows. He then decided to take one more student from each of the original rows and place them in the newly created row, and noticed that now all the rows had the same number of students, and finally took his photo. How many students appeared in the photo?",24,Olympiads,olympiads,,32818
"Seven people each own seven cats; each cat eats seven mice, each mouse eats seven stalks of barley, and from each stalk of barley, seven measures of grain can be produced. What are the numbers in this series, and what is their sum?",19607,Olympiads,olympiads,,6184
"The punch machines from before the flood punch some or even all of the nine numbered fields of a ticket. The inspectors request from the machine setter that the machine should not punch the same fields if someone places their ticket in reverse, instead of the prescribed orientation. How many such settings are possible for the machine?

$$
\begin{array}{|l|l|l|}
\hline 1 & 2 & 3 \\
\hline 4 & 5 & 6 \\
\hline 7 & 8 & 9 \\
\hline
\end{array}
$$",448,Olympiads,olympiads,,15800
Count the number of permutations \( a_{1} a_{2} \ldots a_{7} \) of 1234567 with the longest decreasing subsequence of length at most two (i.e. there does not exist \( i < j < k \) such that \( a_{i} > a_{j} > a_{k} \)).,429,Olympiads,olympiads,,5870
The product of 6 consecutive odd numbers greater than zero is 135135. What is the largest of these 6 numbers? $\qquad$,13,Olympiads,olympiads,,22070
"Consider the following two sets of numbers:

$$
A=\left\{\frac{3 n-4}{5 n-3}: n \in \mathbb{Z}\right\} \quad \text{and} \quad B=\left\{\frac{4 k-3}{7 k-6}: k \in \mathbb{Z}\right\} \text{.}
$$

How many elements are in the set $A \cap B$?",8,Olympiads,olympiads,,8972
"There is a pile of 50 candies. Xiaoming and Xiaoliang play a game. Every time Xiaoming wins, he takes 5 candies, eats 4 of them, and puts the remaining 1 candy in his pocket. Every time Xiaoliang wins, he also takes 5 candies, eats 3 of them, and puts the remaining 2 candies in his pocket. When the game ends, all the candies are taken, and the number of candies in Xiaoliang's pocket is exactly three times the number of candies in Xiaoming's pocket. How many candies did they eat in total?",34,Olympiads,olympiads,,7945
"In space, 4 points are given that are not on the same plane. How many planes can be drawn equidistant from these points?",7,Olympiads,olympiads,,2310
"Consider the sequence \(1, 3, 4, 9, 10, 12, 13, \ldots\) consisting of integers greater than or equal to 1, in increasing order, that are either powers of 3 or sums of distinct powers of 3 (for example: \(4=3^{1}+3^{0}, 10=3^{2}+3^{0}, 13=3^{2}+3^{1}+3^{0}\)). 

Which integer is in the hundredth position?",981,Olympiads,olympiads,,23771
"For any real number \( x \), let \([x]\) denote the greatest integer less than or equal to \( x \). When \( 0 \leqslant x \leqslant 100 \), how many different integers are in the range of the function \( f(x) = [2x] + [3x] + [4x] + [5x] \)?",101,Olympiads,olympiads,,27997
"Sasha was descending the stairs from his apartment to his friend Kolya who lives on the first floor. When he had descended a few floors, it turned out that he had covered one-third of the way. After descending one more floor, he still had half of the way to go. On which floor does Sasha live?",7,Olympiads,olympiads,,20541
"Given a regular 20-sided polygon \( M \), find the number of sets of four vertices of this 20-sided polygon that form the vertices of trapezoids.",720,Olympiads,olympiads,,18311
Buses from Moscow to Oryol depart at the beginning of each hour (at 00 minutes). Buses from Oryol to Moscow depart in the middle of each hour (at 30 minutes). The journey between the cities takes 5 hours. How many buses from Oryol will a bus departing from Moscow encounter on its way?,10,Olympiads,olympiads,,3452
"If we select $a_1, a_2, a_3$ from the numbers $1, 2, \cdots, 14$ in increasing order, such that $a_2 - a_1 \geq 3$ and $a_3 - $a_2 \geq 3$, how many different ways can this be done?",120,Olympiads,olympiads,,18575
"There are 7n teams participating in a double round-robin tournament (each pair of teams plays two matches, one home and one away). Each team can play multiple matches within a week (from Monday to Sunday). If a team has a home match in a given week, it cannot have an away match in the same week. If all matches can be completed within 4 weeks, find the maximum value of n.",6,Olympiads,olympiads,,9047
"Determine the total surface area of a cube if the distance between the non-intersecting diagonals of two adjacent faces of this cube is 8. If the answer is not an integer, round it to the nearest whole number.",1152,Olympiads,olympiads,,8235
"The sequence $\left\{a_{n}\right\}$ consists of 9 terms, where $a_{1} = a_{9} = 1$, and for each $i \in \{1,2, \cdots, 8\}$, we have $\frac{a_{i+1}}{a_{i}} \in \left\{2,1,-\frac{1}{2}\right\}$. Find the number of such sequences.",491,Olympiads,olympiads,,923
"Five pairs of twin siblings participate in $k$ groups of activities. The conditions are:
1. Twin siblings are not in the same group.
2. Any two people who are not twin siblings have participated in exactly one group together.
3. One person participates in only two groups.

What is the minimum value of $k$?",14,Olympiads,olympiads,,32666
"For the sequence of numbers starting with

$$
1, 3, 4, 7, 11, 18, \ldots
$$

each number starting from the third is the sum of the previous two.

What is the last digit of the 2023rd number in this sequence? 

Hint: Use the sequence formed by the last digits.",9,Olympiads,olympiads,,5432
"Consider quadratic functions \( f(x) = ax^2 + bx + c \) such that \( a < b \) and \( f(x) \geq 0 \) for all \( x \).

What is the minimum value that the expression \( \frac{a + b + c}{b - a} \) can take?",3,Olympiads,olympiads,,14143
"\[
\sum_{k=1}^{70} \frac{k}{x-k} \geq \frac{5}{4}
\]
is a union of disjoint intervals the sum of whose lengths is 1988.",1988,Olympiads,olympiads,,3971
"From the integers 1 to 2020, there are a total of 1616 integers that are not multiples of 5. These 1616 numbers need to be divided into groups (each group may have a different number of elements), such that the difference (larger number minus smaller number) between any two numbers in the same group is a prime number. What is the minimum number of groups required?",404,Olympiads,olympiads,,21126
"A teacher wanted to write an arithmetic problem on the board:

\[ 1.05 + 1.15 + 1.25 + 1.4 + 1.5 + 1.6 + 1.75 + 1.85 + 1.95 = ? \]

but accidentally forgot to write one decimal point. After that, Kolya went to the board, correctly performed all the calculations, and obtained an integer as the result. What is that integer?",27,Olympiads,olympiads,,22273
"Given two natural numbers \( K \) and \( L \). The number \( K \) has \( L \) divisors, and the number \( L \) has \(\frac{K}{2}\) divisors. Determine the number of divisors of the number \( K+2L \).",4,Olympiads,olympiads,,27640
"Given that the area of the parallelogram $ABCD$ is $240$, $E$ and $H$ are the midpoints of sides $AD$ and $AB$ respectively. Point $G$ is on side $BC$ such that $BG = 2GC$, and point $F$ is on side $CD$ such that $DF = 3FC$. Point $K$ is on side $AC$ such that the area of $\triangle EKF$ is 33. Find the area of $\triangle HKG$.",32,Olympiads,olympiads,,31503
"In a \(5 \times 5\) square, some cells are painted black as shown in the picture. Consider all possible squares whose sides align with the grid lines. How many of these squares have an equal number of black and white cells?",16,Olympiads,olympiads,,19443
"In a certain country, any two cities are directly connected to each other by one of the following modes of transportation: bus, train, or airplane. It is known that no city is serviced by all three types of transportation, and at the same time, there are no three cities such that any two are connected by the same mode of transportation. Find the maximum possible number of cities in this country.",4,Olympiads,olympiads,,15952
Find the sum of the digits of the integer \(10^{1001} - 9\).,9001,Olympiads,olympiads,,8621
"A collection of \( n \) squares on the plane is called tri-connected if the following criteria are satisfied:

(i) All the squares are congruent.

(ii) If two squares have a point \( P \) in common, then \( P \) is a vertex of each of the squares.

(iii) Each square touches exactly three other squares.

How many positive integers \( n \) are there with \( 2018 \leq n \leq 3018 \), such that there exists a collection of \( n \) squares that is tri-connected?",501,Olympiads,olympiads,,1174
There are $N$ points marked on a plane. Any three of them form a triangle whose angles in degrees are expressed as natural numbers. For what maximum $N$ is this possible?,180,Olympiads,olympiads,,12704
Find the smallest positive integer \( k \) such that \( z^{10} + z^{9} + z^{6} + z^{5} + z^{4} + z + 1 \) divides \( z^k - 1 \).,84,Olympiads,olympiads,,26279
"By the Day of the Russian Flag, a seller decided to decorate the store's display window with 10 horizontal stripes of fabric in three colors. He follows two conditions:
1) Stripes of the same color must not hang next to each other;
2) Each blue stripe must hang between a white and a red stripe.

How many ways can he achieve this?",110,Olympiads,olympiads,,28401
"On a $20 \times 20$ chessboard, some squares contain pieces. A piece can be removed from the board if at least half of the squares in its row or column are empty. What is the minimum number of pieces necessary to place such that none of them can be removed?",121,Olympiads,olympiads,,29165
How many four-digit numbers exist where the thousands digit is greater than the hundreds digit?,4500,Olympiads,olympiads,,19546
"In quadrilateral \( \mathrm{ABCD} \), diagonals \( \mathrm{AC} \) and \( \mathrm{BD} \) intersect at point \( \mathrm{O} \). Draw the height \( \mathrm{DE} \) of triangle \( \mathrm{DBC} \) and connect \( \mathrm{AE} \). If the area of triangle \( \mathrm{ABO} \) is equal to the area of triangle \( \mathrm{DCO} \), and \( \mathrm{DC} = 17 \) cm, \( \mathrm{DE} = 15 \) cm, what is the area of the shaded region in square centimeters?",60,Olympiads,olympiads,,8380
"In the expression \((x+y+z)^{2026}+(x-y-z)^{2026}\), the brackets were expanded and like terms combined. How many terms of the form \(x^{a} y^{b} z^{c}\) with a non-zero coefficient resulted?",1028196,Olympiads,olympiads,,36
"We have a rectangular sheet of paper. We want to produce 20-sided polygons using the following procedure. In each step, we select a piece of paper (initially, it can only be the starting sheet of paper) and cut it into two along a straight line. Continuing with this procedure, what is the minimum number of cuts required to obtain at least one hundred 20-sided polygons?",1699,Olympiads,olympiads,,8233
"Fill each square with a number from 1 to 6, such that each row and each column has no repeating numbers. The numbers on the right represent the sum of the three numbers formed by the first three digits, the middle two digits, and the last one digit, all separated by thick lines. What is the five-digit number $\overline{\mathrm{ABCDE}}=$ $\qquad$",41244,Olympiads,olympiads,,31807
"Given \( N \) as the number of digits of the number \( 2^{100} \), determine a positive integer \( k \) such that \( k \leq N \leq k+5 \).",29,Olympiads,olympiads,,7261
"Define: \(a \Delta b = a \times 1 \underbrace{00 \cdots 00}_{b \uparrow 0} + b, a \square b = a \times 10 + b\) (where \(a, b\) are natural numbers), compute \(2018 \square (123 \Delta 4)\).",1250184,Olympiads,olympiads,,12519
"For any positive integer $n$, let $f_{1}(n)$ denote the square of the sum of the digits of $n$ plus $r+1$, where $r$ is the integer satisfying $n = 3q + r$ with $0 \leqslant r < 3$. For $k \geqslant 2$, let $f_{k}(n) = f_{1}(f_{k-1}(n))$. Find $f_{1990}(2345)$.",3,Olympiads,olympiads,,20317
A set of 11 distinct positive integers has the property that we can find a subset with sum \( n \) for any \( n \) between 1 and 1500 inclusive. What is the smallest possible value for the second largest element?,248,Olympiads,olympiads,,14745
"Consider the six-digit multiples of three with at least one of each of the digits 0, 1, and 2, and no other digits. What is the difference between the largest and the smallest of these numbers?",122208,Olympiads,olympiads,,2912
"Let the set \( S=\{1,2, \cdots, 280\} \). Find the smallest positive integer \( n \) such that every subset of \( S \) with \( n \) elements contains five pairwise coprime numbers.
(32nd IMO)",217,Olympiads,olympiads,,26198
"Given that non-negative real numbers \( x \) and \( y \) satisfy
\[ 
x^{2}+4y^{2}+4xy+4x^{2}y^{2}=32,
\]
find the maximum value of \( \sqrt{7}(x+2y)+2xy \).",16,Olympiads,olympiads,,9697
"The bottom of a box is a table $8 \times 8$. What is the smallest nonzero number of $2 \times 1$ or $1 \times 2$ tiles that can be placed on the bottom of the box so that no tile can be moved either horizontally or vertically? Each tile must occupy exactly two cells, not occupied by other tiles.",28,Olympiads,olympiads,,21564
"Given the function \( f(x) = 2x + 4 \), find the increment of any of its antiderivatives as \( x \) changes from -2 to 0.",4,Olympiads,olympiads,,30016
"Matthew writes a list of all three-digit squares backwards. For example, in his list, Matthew writes the three-digit square '625' as '526'. Norma notices that some numbers in Matthew's list are prime numbers. What is the mean of those prime numbers in Matthew's list?",427,Olympiads,olympiads,,1748
Integer \( n \) such that the polynomial \( f(x) = 3x^3 - nx - n - 2 \) can be factored into a product of two non-constant polynomials with integer coefficients. Find the sum of all possible values of \( n \).,192,Olympiads,olympiads,,30886
"How many zeros are there in the number:

$12345678910111213141516171819202122 \ldots 20062007$",506,Olympiads,olympiads,,18282
"Let \( M \) be a subset of the set \(\{1, 2, \cdots, 25\}\). Any two disjoint subsets of \( M \) must have different sums of their elements. Find the maximum possible sum of the elements in \( M \).",123,Olympiads,olympiads,,17757
"Among the positive integers less than 10,000, how many integers \( x \) are there such that \( 2^{x} - x^{2} \) is divisible by 7?
(Moscow Mathematical Olympiad, 1940)",2857,Olympiads,olympiads,,24215
In how many ways can we place 8 digits equal to 1 and 8 digits equal to 0 on a 4x4 board such that the sums of the numbers written in each row and column are the same?,90,Olympiads,olympiads,,19411
"Solve the equation \( x-7 = \frac{4 \cdot |x-3|}{x-3} \). If the equation has multiple solutions, write down their sum.",11,Olympiads,olympiads,,3961
"Kelvin and 15 other frogs are in a meeting, for a total of 16 frogs. During the meeting, each pair of distinct frogs becomes friends with probability \(\frac{1}{2}\). Kelvin thinks the situation after the meeting is cool if for each of the 16 frogs, the number of friends they made during the meeting is a multiple of 4. Say that the probability of the situation being cool can be expressed in the form \(\frac{a}{b}\), where \(a\) and \(b\) are relatively prime. Find \(a\).",1167,Olympiads,olympiads,,18157
"Four distinct natural numbers, one of which is an even prime number, have the following properties:
- The sum of any two numbers is a multiple of 2.
- The sum of any three numbers is a multiple of 3.
- The sum of all four numbers is a multiple of 4.

Find the smallest possible sum of these four numbers.",44,Olympiads,olympiads,,4654
"There are 900 three-digit numbers $(100, 101, \cdots, 999)$. Each number is printed on a card; some of these numbers, when seen upside-down, still appear as three-digit numbers. For example, when 198 is seen upside-down, it still appears as a valid three-digit number. Therefore, at most $\qquad$ cards can be omitted from printing.",34,Olympiads,olympiads,,16488
"Sasha chose a natural number \( N > 1 \) and listed all its natural divisors in ascending order: \( d_{1} < \ldots < d_{s} \) (such that \( d_{1} = 1 \) and \( d_{s} = N \)). Then, for each pair of adjacent numbers, he calculated their greatest common divisor; the sum of these \( s-1 \) numbers turned out to be \( N-2 \). What values could \( N \) take?",3,Olympiads,olympiads,,26118
"If we add the natural numbers from 1 to $n$, the sum is, in certain cases, divisible by 10 raised to the power of some positive integer. What is the smallest $n$ for which the sum is divisible by ten thousand?",9375,Olympiads,olympiads,,6093
"If \(a\) is a positive multiple of 5, which gives a remainder of 1 when divided by 3, find the smallest possible value of \(a\).",10,Olympiads,olympiads,,11051
"On a digital clock, the date is always displayed as an eight-digit number, such as January 1, 2011, which is displayed as 20110101. What is the last date in 2011 that is divisible by 101? This date is represented as $\overline{2011 \mathrm{ABCD}}$. What is $\overline{\mathrm{ABCD}}$?",1221,Olympiads,olympiads,,20624
"From the 100 positive integers \( 1, 2, 3, \cdots, 100 \), select \( n \) numbers such that among these \( n \) numbers there are always 4 numbers that are pairwise coprime. Find the minimum value of \( n \).",75,Olympiads,olympiads,,28013
"There are $n$ ($n \geqslant 2$) cards, each with a different real number written on it. These $n$ numbers are all distinct. The cards are arbitrarily divided into two piles (each pile must have at least one card). It is always possible to take one card from the first pile and place it in the second pile, and then take one card from the second pile and place it in the first pile (it can be the same card), such that the sum of the numbers on the cards in each pile is equal to 0. Find the maximum possible value of $n$.",7,Olympiads,olympiads,,11023
"Maggie graphs the six possible lines of the form \( y = mx + b \) where \( m \) is either 1 or -2, and \( b \) is either 0, 1, or 2. For example, one of the lines is \( y = x + 2 \). The lines are all graphed on the same axes. There are exactly \( n \) distinct points, each of which lies on two or more of these lines. What is the value of \( n \)?",9,Olympiads,olympiads,,30442
"Let \(r_1, r_2, r_3\) be the roots of the real-coefficient equation \(x^3 - x^2 + ax - b = 0\), where \(0 < r_i < 1\) for \(i=1,2,3\). Find the maximum possible value of \(7a - 9b\).",2,Olympiads,olympiads,,14763
Divide the natural numbers from 1 to 8 into two groups such that the product of all numbers in the first group is divisible by the product of all numbers in the second group. What is the minimum value of the quotient of the product of the first group divided by the product of the second group?,70,Olympiads,olympiads,,16780
"Find the smallest positive integer \( n > 1 \) such that the arithmetic mean of the squares of the integers \( 1^2, 2^2, 3^2, \ldots, n^2 \) is a perfect square.",337,Olympiads,olympiads,,2236
"In a chat among students of a school, a vote was held: ""On which day should the disco be held: October 22 or October 29?"" 

A graph shows how the votes were distributed one hour after the start of the voting.

Then 80 more people participated in the voting, all voting for October 22. After that, the voting ended. The final distribution of votes is also shown on the graph.

How many people participated in the voting in total?",260,Olympiads,olympiads,,20247
"The digits of a certain three-digit number form a geometric progression. If the digits of the hundreds and units places in this number are swapped, the new three-digit number will be 594 less than the original number. If in the original number, the hundreds digit is removed and the remaining two-digit number's digits are swapped, the new two-digit number will be 18 less than the number formed by the last two digits of the original number. Find this number.",842,Olympiads,olympiads,,7981
The proportion of top-quality products at this enterprise is $31 \%$. What is the most likely number of top-quality products in a randomly selected batch of 75 products?,23,Olympiads,olympiads,,2497
Two circles with radii 71 and 100 are externally tangent. Compute the largest possible area of a right triangle whose vertices are each on at least one of the circles.,24200,Olympiads,olympiads,,16905
"The ordered pairs \((2011, 2), (2010, 3), (2009, 4), \ldots, (1008, 1005), (1007, 1006)\) are written from left to right on a blackboard. Every minute, Elizabeth selects a pair of adjacent pairs \(\left(x_{i}, y_{i}\right)\) and \(\left(x_{j}, y_{j}\right)\), with \(\left(x_{i}, y_{i}\right)\) left of \(\left(x_{j}, y_{j}\right)\), erases them, and writes \(\left(\frac{x_{i} y_{i} x_{j}}{y_{j}}, \frac{x_{i} y_{i} y_{j}}{x_{j}}\right)\) in their place. Elizabeth continues this process until only one ordered pair remains. How many possible ordered pairs \((x, y)\) could appear on the blackboard after the process has come to a conclusion?",504510,Olympiads,olympiads,,29383
"We have collected 1001 pebbles into a pile. The pile is divided arbitrarily into two parts, and the number of pebbles in each part is multiplied. Then, the operation is repeated on any of the parts containing at least two pebbles: the part is divided into two further parts, and the product of the number of pebbles in these two new parts is calculated. This process continues until all parts contain only one pebble each.

What are the possible ranges for the sum of these 1000 products?",500500,Olympiads,olympiads,,2666
"Who, besides the buyers of goods, can benefit from the use of cashback? Explain how such a policy helps gain additional advantages?",80,Olympiads,olympiads,,17211
Let \( x \in \mathbb{R} \). The function \( f(x)=|2x-1| + |3x-2| + |4x-3| + |5x-4| \). What is the minimum value of the function?,1,Olympiads,olympiads,,9550
"Find the number of ordered pairs \((m, n)\) of positive integers \(m\) and \(n\) such that \(m+n=190\) and \(m\) and \(n\) are relatively prime.",26,Olympiads,olympiads,,17362
"Compute the limit of the numerical sequence:

\[
\lim _{n \rightarrow \infty} \frac{\sqrt{n+2}-\sqrt[3]{n^{3}+2}}{\sqrt[7]{n+2}-\sqrt[5]{n^{5}+2}}
\]",1,Olympiads,olympiads,,12997
"The Fibonacci numbers are defined recursively by \( F_{0}=0 \), \( F_{1}=1 \), and \( F_{i}=F_{i-1}+F_{i-2} \) for \( i \geq 2 \). Given 15 wooden blocks of weights \( F_{2}, F_{3}, \ldots, F_{16} \), compute the number of ways to paint each block either red or blue such that the total weight of the red blocks equals the total weight of the blue blocks.",32,Olympiads,olympiads,,24117
"In a crown, five diamonds are embedded at five positions, equally spaced around a circle. If there are three different colors of diamonds to choose from, how many different ways are there to embed the diamonds? Assume that the five positions are indistinguishable from each other.",51,Olympiads,olympiads,,25673
"A hundred-digit natural number \( N \) is composed of ones and twos, with an even number of digits between any two twos. It is known that \( N \) is divisible by 3. How many ones and how many twos are there in the representation of the number \( N \)?",2,Olympiads,olympiads,,9506
"Let \(ABCD\) be a parallelogram with \(AB = 480\), \(AD = 200\), and \(BD = 625\). The angle bisector of \(\angle BAD\) meets side \(CD\) at point \(E\). Find \(CE\).",280,Olympiads,olympiads,,30576
"In a Cartesian coordinate system, the points where both the x-coordinate and y-coordinate are integers are called lattice points. How many lattice points (x, y) satisfy the inequality \((|x|-1)^{2}+(|y|-1)^{2}<2\)?",16,Olympiads,olympiads,,25462
A rectangle with dimensions \(24 \times 60\) is divided into unit squares by lines parallel to its sides. Into how many parts will this rectangle be divided if its diagonal is also drawn?,1512,Olympiads,olympiads,,3375
"Admiral Ackbar needs to send a 5-character message through hyperspace to the Rebels. Each character is a lowercase letter, and the same letter may appear more than once in a message. When the message is beamed through hyperspace, the characters come out in a random order. Ackbar chooses his message so that the Rebels have at least a \(\frac{1}{2}\) chance of getting the same message he sent. How many distinct messages could he send?",26,Olympiads,olympiads,,17402
"A digital display on a calculator is broken, causing some regions not to light up when they should. This results in a peculiar representation of a single-digit multiplication by another single-digit number, yielding a two-digit product. Using matchsticks to represent the numbers, what are the possible products for the multiplication shown in the figure?",4,Olympiads,olympiads,,30585
"Solve in natural numbers the equation \(x + y = xy\).

Solve in integers the equation \(2xy + 3x + y = 0\).",2,Olympiads,olympiads,,2050
"The numbers 7, 8, 9, 10, and 11 are arranged in a row in some order. It turns out that the sum of the first three of them is 26, and the sum of the last three is 30. Determine the number that is in the middle.",11,Olympiads,olympiads,,12864
"Kolapo lists the four-digit positive integers that can be made using the digits 2, 4, 5, and 9, each once. Kolapo lists these integers in increasing order. What is the $t^{\text {th }}$ number in his list?",5492,Olympiads,olympiads,,15654
"Before the World Cup soccer match, Coach F wants to assess players $A_{1}$, $A_{2}, \cdots, A_{7}$ in three training games (each lasting 90 minutes). Suppose that at any moment in the game, exactly one of these players is on the field, and the total time each of $A_{1}, A_{2}, A_{3}, A_{4}$ spends on the field (in minutes) is divisible by 7, and the total time each of $A_{5}, A_{6}, A_{7}$ spends on the field (in minutes) is divisible by 13. If the number of substitutions is unlimited, how many different scenarios are there based on the total time each player spends on the field?",24244,Olympiads,olympiads,,26708
"Given a set of positive real numbers $\left(x_{1}, x_{2}, \cdots, x_{n}\right)$ that satisfy the inequalities
$$
\begin{array}{l}
x_{1}^{2}+x_{2}^{2}+\cdots+x_{k}^{2}<\frac{1}{2}\left(x_{1}+x_{2}+\cdots+x_{k}\right), \\
x_{1}+x_{2}+\cdots+x_{k}<\frac{1}{2}\left(x_{1}^{3}+x_{2}^{3}+\cdots+x_{k}^{3}\right),
\end{array}
$$

find the minimum value of \(k\) that meets these conditions.",516,Olympiads,olympiads,,8455
"Find an \( n \) in the range 100, 101, ... , 1997 such that \( n \) divides \( 2n + 2 \).",946,Olympiads,olympiads,,5152
The square \(ABCD\) has sides of length 105. The point \(M\) is the midpoint of side \(BC\). The point \(N\) is the midpoint of \(BM\). The lines \(BD\) and \(AM\) meet at the point \(P\). The lines \(BD\) and \(AN\) meet at the point \(Q\). What is the area of triangle \(APQ\)?,0,Olympiads,olympiads,,20208
"Using 2 unit squares (unit squares), we can form a 2-tile shape, commonly known as a domino. Clearly, after translations, rotations, and symmetric transformations, dominoes that overlap should be considered the same. Therefore, there is only one type of domino.

Similarly, there are only 2 different types of shapes that can be formed using 3 unit squares.

There are 5 different types of shapes that can be formed using 4 unit squares.

How many different types of shapes can be formed using 5 unit squares?",12,Olympiads,olympiads,,16260
"Let \( n \) be a positive integer. Given a real number \( x \), let \( \lfloor x \rfloor \) be the greatest integer less than or equal to \( x \). For example, \( \lfloor 2.4 \rfloor = 2 \), \( \lfloor 3 \rfloor = 3 \), and \( \lfloor \pi \rfloor = 3 \). Define a sequence \( a_1, a_2, a_3, \ldots \) where \( a_1 = n \) and
\[ 
a_m = \left\lfloor \frac{a_{m-1}}{3} \right\rfloor,
\]
for all integers \( m \geq 2 \). The sequence stops when it reaches zero. The number \( n \) is said to be lucky if 0 is the only number in the sequence that is divisible by 3. For example, 7 is lucky, since \( a_1 = 7, a_2 = 2, a_3 = 0 \), and none of 7, 2 are divisible by 3. But 10 is not lucky, since \( a_1 = 10, a_2 = 3, a_3 = 1, a_4 = 0 \), and \( a_2 = 3 \) is divisible by 3. Determine the number of lucky positive integers less than or equal to 1000.",126,Olympiads,olympiads,,8747
"As shown in the figure, four regular hexagons are arranged, each with an area of 6. Using the vertices of these four regular hexagons, how many equilateral triangles with an area of 4 can be formed?",8,Olympiads,olympiads,,18234
"What is the smallest area a figure can have on the plane \(Oxy\), located between the lines \(x = -26\) and \(x = 2\), bounded below by the \(x\)-axis, and above by a tangent to the graph of the function \(y = 5 + \sqrt{4 - x}\) with the abscissa \(x_{0}\) of the point of tangency lying in the interval \(-26 \leq x_{0} \leq 2\)?",504,Olympiads,olympiads,,13074
"My friend and I are playing a game with the following rules: If one of us says an integer \( n \), the opponent then says an integer of their choice between \( 2n \) and \( 3n \), inclusive. Whoever first says 2007 or greater loses the game, and their opponent wins. I must begin the game by saying a positive integer less than 10. With how many of them can I guarantee a win?",6,Olympiads,olympiads,,20623
"Given that \( y = f(x) + x^3 \) is an even function and \( f(10) = 10 \). If the function \( g(x) = f(x) + 5 \), find the value of \( g(-10) \).",-5,Olympiads,olympiads,,4914
"On the \(xy\)-plane, let \(S\) denote the region consisting of all points \((x, y)\) for which
\[
\left|x+\frac{1}{2} y\right| \leq 10, \quad |x| \leq 10, \quad \text{and} \quad |y| \leq 10.
\]

The largest circle centered at \((0,0)\) that can be fitted in the region \(S\) has area \(k \pi\). Find the value of \(k\).",80,Olympiads,olympiads,,8691
"The average of \( x, y, z \) is 10. The average of \( x, y, z, t \) is 12. Find \( t \).",18,Olympiads,olympiads,,3611
"Given \( n \) points with no three points collinear, each pair of points is connected by a line segment, and each line segment is colored with either red or blue. If for any coloring, there are certainly 12 monochromatic triangles, find the minimum value of \( n \).",9,Olympiads,olympiads,,25913
"In a chess tournament, each participant played one game with every other participant. A total of 15 games were played. How many participants were there in the tournament?",6,Olympiads,olympiads,,32775
"Lo Jac' the pirate owns a rectangular rug with unknown dimensions. Unfortunately, a tick has kidnapped his ruler, and he has no other device to measure lengths. However, he notices that he can place his rug (flat) in two rectangular rooms in his Grésillon Castle such that each corner of the rug touches a different wall of the rooms. He also knows that the length and width of his rug are an integer number of feet, the widths of these two rooms are 38 feet and 50 feet respectively, and the lengths of these two rooms are the same (the exact value is unknown). Find the puzzle corresponding to the length of his rug.",25,Olympiads,olympiads,,6447
"Given \( m > n \geqslant 1 \), find the smallest value of \( m + n \) such that
\[ 1000 \mid 1978^{m} - 1978^{n} . \",106,Olympiads,olympiads,,5023
"Given an integer sequence \(\{a_i\}\) defined as follows:
\[ a_i = \begin{cases} 
i, & \text{if } 1 \leq i \leq 5; \\
a_1 a_2 \cdots a_{i-1} - 1, & \text{if } i > 5.
\end{cases} \]

Find the value of \(\sum_{i=1}^{2019} a_i^2 - a_1 a_2 \cdots a_{2019}\).",1949,Olympiads,olympiads,,15439
"Compute the sum of all positive real numbers \( x \leq 5 \) satisfying
\[ x = \frac{\left\lceil x^{2} \right\rceil + \lceil x \rceil \cdot \lfloor x \rfloor}{\lceil x \rceil + \lfloor x \rfloor}. \]",85,Olympiads,olympiads,,8767
"Consider \( a = 2001 \). Let \( A \) be the set of integer pairs \( (m, n) \) that satisfy the following conditions:
1. \( m < 2a \);
2. \( 2n \mid (2am - m^2 + n^2) \);
3. \( n^2 - m^2 + 2mn \leq 2a(n - m) \).

Let \( f = \frac{2am - m^2 - mn}{n} \). Determine the minimum and maximum values of \( f \) for \( (m, n) \in A \).",3750,Olympiads,olympiads,,674
"If the discriminant of the trinomial $f(x) = ax^2 + 2bx + c$ is subtracted from the discriminant of the trinomial $g(x) = (a+1)x^2 + 2(b+2)x + c+4$, the result is 24. Find $f(-2)$.",6,Olympiads,olympiads,,9058
"Marie-Pascale solves 4 math problems per day. Kaeli solves \( x \) math problems per day. Over a number of days, Marie-Pascale solves a total of 72 problems. Over the same number of days, Kaeli solves 54 more problems than Marie-Pascale. What is the value of \( x \)?",7,Olympiads,olympiads,,16259
"If $\frac{3(x+5)}{4}=t+\frac{3-3 x}{2}$, what is the value of $x$?",3,Olympiads,olympiads,,28084
"The boastful fisherman says the same phrase every day: ""Today I caught more minnows than I did the day before yesterday (2 days ago), but fewer than 9 days ago."" What is the maximum number of consecutive days he can be telling the truth?",8,Olympiads,olympiads,,20095
"In the trapezoid \(ABCD\) with bases \(AD = 20\) and \(BC = 10\), circles constructed using sides \(AB\), \(BC\), and \(CD\) as diameters intersect at one point. The length of the diagonal \(AC\) is 18. Find the length of \(BD\).",24,Olympiads,olympiads,,14360
"Find the number of permutations of 8 letters A, B, C, D, E, F, G, H in which exactly 4 elements are not in their original positions.",630,Olympiads,olympiads,,8963
How can you distribute 127 rubles into seven wallets so that any sum from 1 to 127 rubles can be obtained without opening the wallets?,22,Olympiads,olympiads,,30017
"Let \( ABC \) be a triangle and \( D, E \), and \( F \) be points located on segments \( AC, BA \), and \( CB \) respectively, such that the segments \( AF, BD \), and \( CE \) concur at a point \( P \) inside the triangle. It is given that \( BP=6, PD=6, PC=9, PE=3 \), and \( AF=20 \). Find the area of triangle \( ABC \).",108,Olympiads,olympiads,,6196
"There is a stack of 200 cards, numbered from 1 to 200 from top to bottom. Starting with the top card, the following operations are performed in sequence: remove the top card, then place the next card at the bottom of the stack; remove the new top card, then place the next card at the bottom of the stack… This process is repeated. Which card remains at the end, out of the original 200 cards?",145,Olympiads,olympiads,,31571
"For the largest $n$, how can $n$ points be chosen on the surface of a cube such that not all of them lie on a single face of the cube and they still form the vertices of a regular (planar) $n$-gon?",12,Olympiads,olympiads,,15627
"Petya wrote ten natural numbers on the board, none of which are equal. It is known that among these ten numbers, three can be chosen that are divisible by 5. It is also known that among these ten numbers, four can be chosen that are divisible by 4. Can the sum of all the numbers written on the board be less than $75?",71,Olympiads,olympiads,,7924
"The number 2015 can be represented as a sum of consecutive integers in several ways, for example, $2015 = 1007 + 1008$ or $2015 = 401 + 402 + 403 + 404 + 405$. How many ways can this be done?",16,Olympiads,olympiads,,8590
"The longer base of a trapezoid has a length of 24 cm. Find the length of the shorter base, given that the distance between the midpoints of the diagonals of the trapezoid is 4 cm.",16,Olympiads,olympiads,,14656
"Sarah chooses two numbers \( a \) and \( b \) from the set \(\{1,2,3, \ldots, 26\}\). The product \( a \cdot b \) is equal to the sum of the remaining 24 numbers. What is the difference between \( a \) and \( b \)?",6,Olympiads,olympiads,,10502
"Place the digits 0, 1, 2, 3, 4, 5, 6, 7, 8, and 9 exactly once in the given grid. Adjacent cells horizontally and vertically form two-digit numbers read from left to right or from top to bottom (0 cannot be the leading digit). Determine the maximum number of prime numbers that can be formed by these two-digit numbers.",7,Olympiads,olympiads,,2427
"Arrange the numbers $1, 2, \cdots, 6$ in any order. If the number $k$ appears exactly in the $k$-th position, it is called a match. What is the expected number of matches?",1,Olympiads,olympiads,,31112
"Using three colors $\mathbf{R}$, $\mathbf{G}$, and $\mathbf{B}$ to color a $2 \times 5$ table in a way that two squares sharing a common edge must be colored differently. How many different coloring methods are there?",486,Olympiads,olympiads,,14375
"Sam writes on a whiteboard the positive integers from 1 to 6 inclusive, once each. She then writes \( p \) additional fives and \( q \) sevens on the board. The mean of all the numbers on the board is then 5.3. What is the smallest possible value of \( q \)?",9,Olympiads,olympiads,,8554
Find the smallest integer that needs to be added to the expression \((a+2)(a+5)(a+8)(a+11)\) so that the resulting sum is positive for any value of \(a\).,82,Olympiads,olympiads,,11748
"How many of the first 1000 positive integers can be written as the sum of finitely many distinct numbers from the sequence \(3^{0}, 3^{1}, 3^{2}, \ldots\)?",105,Olympiads,olympiads,,11719
"In the figure, \( APK \) and \( BPH \) are straight lines. If \( d \) is the area of triangle \( HPK \), find \( d \).",500,Olympiads,olympiads,,26551
"There are 2023 cups numbered from 1 through 2023. Red, green, and blue balls are placed in the cups according to the following rules:
- If cups \( m \) and \( n \) both contain a red ball, then \( m - n \) is a multiple of 2.
- If cups \( m \) and \( n \) both contain a green ball, then \( m - n \) is a multiple of 3.
- If cups \( m \) and \( n \) both contain a blue ball, then \( m - n \) is a multiple of 5.

What is the smallest possible number of empty cups?",538,Olympiads,olympiads,,7472
"Suppose \( m \) and \( n \) are positive integers for which:
- The sum of the first \( m \) multiples of \( n \) is 120, and
- The sum of the first \( m^{3} \) multiples of \( n^{3} \) is 4032000.

Determine the sum of the first \( m^{2} \) multiples of \( n^{2} \).",20800,Olympiads,olympiads,,15798
"In three out of six circles on the diagram, the numbers 4, 14, and 6 are written. In how many ways can the remaining three circles be filled with natural numbers such that the product of the three numbers along each side of the triangular diagram is the same?",6,Olympiads,olympiads,,21538
Find the smallest multiple of 9 that does not contain any odd digits.,288,Olympiads,olympiads,,17535
"The director of the factory, examining a list of phone numbers and surnames of his employees, noticed a certain relationship between the surnames and phone numbers. Here are some surnames and phone numbers from the list:

| Azhinsky | 8111 |
| Butenko | 7216 |
| Galich | 5425 |
| Lapina | 6131 |
| Martyayanov | 9143 |
| Romidze | 7186 |

What is the phone number of the employee with the surname Ognev?",5163,Olympiads,olympiads,,14240
"Find the largest value of \( z \) such that there exist \( x \) and \( y \) satisfying \( 4x^{2} + 4y^{2} + z^{2} + xy + yz + xz = 8 \). If the answer is a fractional number, it should be written as a decimal, for example, \( 0.15 \).",3,Olympiads,olympiads,,21550
"The set \( M \) consists of consecutive positive integers, and \( |M| \geqslant 2 \). The sum of the elements in \( M \) is 2002. How many such sets \( M \) are there?",7,Olympiads,olympiads,,22264
"Let the natural number \( n \) have the following property: If you choose 50 different numbers from the natural numbers \( 1, 2, \cdots, n \), there must be two numbers whose difference is equal to 7. Find the maximum value of \( n \).",98,Olympiads,olympiads,,26436
"Koshchey the Immortal has 11 large chests. In some of them, there are 8 medium chests. In some of the medium chests, there are 8 small chests. There is nothing else in the chests. Koshchey has a total of 102 empty chests. How many chests does Koshchey have in total?",115,Olympiads,olympiads,,5450
In how many different ways can different digits be written in place of the different letters in the attached figure so that the obtained three-digit numbers satisfy the given addition?,356,Olympiads,olympiads,,14798
"Given the sequence defined by:
$$
a_{n} = \left\{
\begin{array}{l}
a_{\frac{n}{2}}^{2}+1, \text{ when } n \text{ is even,} \\
\frac{1}{a_{n-1}}, \text{ when } n \text{ is odd.}
\end{array}
\right.
$$

If $a_{n} = \frac{30}{19}$, find the positive integer $n$.",238,Olympiads,olympiads,,30471
"Given the vertices of the tetrahedron $A(2,3,1)$, $B(4,1,-2)$, $C(6,3,7)$, and $D(-5,-4,8)$, find:

1) The length of the edge $A B$.
2) The angle between the edges $A B$ and $A D$.
3) The angle between the edge $A D$ and the plane $A B C$.
4) The volume of the tetrahedron $A B C D$.
5) The equation of the edge $A B$.
6) The equation of the plane $A B C$.
7) The equation of the height dropped from $D$ onto $A B C$.
8) The projection $O$ of point $D$ onto the base $A B C$.
9) The height $D O$.",11,Olympiads,olympiads,,24818
"In the triangle \(ABC\), \(AD = 2BD\), \(AD = EC\), and \(BC = 18\). The area of triangle \(AFC\) is equal to the area of quadrilateral \(DBEF\). What is the length of \(AB\)?",9,Olympiads,olympiads,,29678
"If the quadratic equation with complex coefficients \((4+3i) x^{2} + m x + (4-3i) = 0\) has real roots, then the minimum value of the modulus of the complex number \(m\) is _____.",8,Olympiads,olympiads,,21107
"For \( f(x)=[x]+[2 x]+\left[\frac{5}{3} x\right]+[3 x]+[4 x] \), determine the number of distinct integer values that \( f(x) \) can take as the real number \( x \) varies within \( 0 \leq x \leq 100 \).",734,Olympiads,olympiads,,29306
"How many checkered rectangles containing exactly one gray cell are there in this picture? There are $2 \cdot 20 = 40$ gray cells in the picture.

For example, three such rectangles are circled.

|  |  |  |  |  |  |  |  |  |  |  |  |  |  |  |  |  |  |  |  |  |  |
| :--- | :--- | :--- | :--- | :--- | :--- | :--- | :--- | :--- | :--- | :--- | :--- | :--- | :--- | :--- | :--- | :--- | :--- | :--- | :--- | :--- | :--- |
|  |  |  |  |  |  |  |  |  |  |  |  |  |  |  |  |  |  |  |  |  |  |
|  |  |  |  |  |  |  |  |  |  |  |  |  |  |  |  |  |  |  |  |  |  |
|  |  |  |  |  |  |  |  |  |  |  |  |  |  |  |  |  |  |  |  |  |  |
|  |  |  |  |  |  |  |  |  |  |  |  |  |  |  |  |  |  |  |  |  |  |",176,Olympiads,olympiads,,20190
"A field is a $41 \times 41$ grid, and a tank is hidden in one of the cells. A fighter plane fires at one cell at a time. If the shot hits, the tank moves to an adjacent cell (sharing a side); if the shot misses, the tank remains in place. After each shot, the pilot does not know if the shot was a hit or miss. To destroy the tank, it must be hit twice. What is the minimum number of shots needed to guarantee that the tank is destroyed?",2521,Olympiads,olympiads,,342
"In the number $2 * 0 * 1 * 6 * 0 * 2 *$, each of the 6 asterisks must be replaced with any digit from $0,1,2,3,4,5,6,7,8$ (digits may repeat) in such a way that the resulting 12-digit number is divisible by 45. How many ways can this be done?",13122,Olympiads,olympiads,,30613
"Let \( f(x) = x^3 + 3x - 1 \) have roots \( a, b, c \). Given that
\[
\frac{1}{a^3 + b^3} + \frac{1}{b^3 + c^3} + \frac{1}{c^3 + a^3}
\]
can be written as \( \frac{m}{n} \), where \( m \) and \( n \) are positive integers and \( \operatorname{gcd}(m, n) = 1 \), find \( 100m + n \).",3989,Olympiads,olympiads,,31040
"Assume \( f_{1}(x)=\sqrt{x^{2}+32} \) and \( f_{n+1}(x)=\sqrt{x^{2}+\frac{16}{3} f_{n}(x)} \) for \( n=1,2, \cdots \). For each \( n \), find the real solution of \( f_{n}(x)=3 x \).",2,Olympiads,olympiads,,22140
"In a math competition, the average score of a group of 10 people is 84 points. If Xiaoming scores 93 points, what is the average score of the other 9 people?",83,Olympiads,olympiads,,14835
"Given that the angle between skew lines \(a\) and \(b\) is \(50^\circ\), and \(P\) is a fixed point in space, there is exactly \(\quad\) line(s) passing through point \(P\) that form an angle of \(52^\circ\) with each of the lines \(a\) and \(b\).",2,Olympiads,olympiads,,26838
Seven cities are connected in a circle by seven one-way flights. Add (draw arrows indicating) additional one-way flights so that it is possible to travel from any city to any other city with no more than two stops. Try to minimize the number of additional flights.,5,Olympiads,olympiads,,3140
"Aroon's PIN has four digits. When the first digit (reading from the left) is moved to the end of the PIN, the resulting integer is 6 less than 3 times Aroon's PIN. What could Aroon's PIN be?",2856,Olympiads,olympiads,,1285
"In the number \(2 * 0 * 1 * 6 * 0 * 2 *\), replace each of the 6 asterisks with any digit from the set \(\{0,1,2,3,4,5,6,7,8\}\) (digits may repeat) so that the resulting 12-digit number is divisible by 45. How many ways can this be done?",13122,Olympiads,olympiads,,32041
"If \( P \) and \( Q \) are positive integers such that \( P + Q + PQ = 90 \) and \( D = P + Q \), find \( D \). (Hint: Factorize \( 1 + P + Q + PQ \))",18,Olympiads,olympiads,,8662
"Walking along the fence from north to south, the spacing between its posts is initially the same. From a certain post, the spacing decreases to 2.9 meters and remains that way until the southern end of the fence. Between the 1st and 16th posts (counting from the north), the spacing does not change and the distance between these two posts is 48 meters. The distance between the 16th and 28th posts is 36 meters.

At which post is the spacing between its neighboring posts different?",20,Olympiads,olympiads,,18761
"Three volleyballs with a radius of 18 lie on a horizontal floor, each pair touching one another. A tennis ball with a radius of 6 is placed on top of them, touching all three volleyballs. Find the distance from the top of the tennis ball to the floor. (All balls are spherical in shape.)",36,Olympiads,olympiads,,30938
"Let \( F = 1 + 2 + 2^2 + 2^3 + \ldots + 2^S \) and \( T = \sqrt{\frac{\log (1+F)}{\log 2}} \), find the value of \( T \).",11,Olympiads,olympiads,,3223
"Given a right triangle \( \triangle ABC \) with legs \( AC=12 \), \( BC=5 \). Point \( D \) is a moving point on the hypotenuse \( AB \). The triangle is folded along \( CD \) to form a right dihedral angle \( A-CD-B \). When the length of \( AB \) is minimized, let the plane angle of the dihedral \( B-AC-D \) be \( \alpha \). Find \( \tan^{10} \alpha \).",32,Olympiads,olympiads,,26760
"In the homework assignment to calculate the value of the expression

$$
2-3+4-5+6-7+8-9+10=
$$

Radek forgot to include two pairs of parentheses, resulting in a value that was 18 more than what he would have obtained if the parentheses were correctly included. Add parentheses in two different ways and determine what number Radek got and what number he should have gotten.

(M. Dillingerová)",-12,Olympiads,olympiads,,10310
"Fill the numbers $10, 15, 20, 30, 40,$ and $60$ into the circles in the figure, so that the product of the 3 numbers at the vertices of each of the three smaller triangles A, B, and C are all equal. What is the maximum value of this equal product?",18000,Olympiads,olympiads,,12743
"The numbers \(a, b, c, d\) belong to the interval \([-10.5, 10.5]\). Find the maximum value of the expression \(a + 2b + c + 2d - ab - bc - cd - da\).",462,Olympiads,olympiads,,1015
"A nine-digit number is odd. The sum of its digits is 10. The product of the digits of the number is non-zero. The number is divisible by seven. When rounded to three significant figures, how many millions is the number equal to?",112,Olympiads,olympiads,,28696
"From the sixteen natural numbers $1, 2, 3, 4, \cdots, 15, 16$, if $n$ numbers are randomly selected, there will always be such two numbers: one is three times the other. What is the smallest $n$?",13,Olympiads,olympiads,,25647
"There is a unique quadruple of positive integers \((a, b, c, k)\) such that \(c\) is not a perfect square and \(a + \sqrt{b + \sqrt{c}}\) is a root of the polynomial \(x^4 - 20x^3 + 108x^2 - kx + 9\). Compute \(c\).",7,Olympiads,olympiads,,31614
"Find the smallest positive integer \(a\) such that there exists a positive odd number \(n\) that satisfies
\[ 2001 \mid 55^{n} + a \cdot 32^{n}. \]",436,Olympiads,olympiads,,17569
"The circumference of the front wheel of a bicycle is $1 \frac{1}{3}$ meters, and the circumference of the rear wheel is $1 \frac{1}{2}$ meters. When the front wheel turns 25 more revolutions than the rear wheel, how far has the bicycle traveled (in meters)?",300,Olympiads,olympiads,,5091
"The number \(27,000,001\) has exactly four prime factors. Find their sum.",652,Olympiads,olympiads,,27560
"Let \( A = \{1, 2, 3, \ldots, 1997\} \). For any 999-element subset \( X \) of \( A \), if there exist \( x, y \in X \) such that \( x < y \) and \( x \mid y \), then \( X \) is called a ""good subset"". Find the largest natural number \( a \) (where \( a \in A \)) such that any 999-element subset containing \( a \) is a ""good subset"".",665,Olympiads,olympiads,,26139
"Considering the triple angle formulas for sine and cosine, $\sin 3\theta = 3 \sin \theta - 4 \sin^3 \theta$ and $\cos 3\theta = 4 \cos^3 \theta - 3 \cos \theta$, and the expressions $\frac{\cos 3\theta}{\cos \theta} = 4 \cos^2 \theta - 3$ and $\frac{\sin 3\theta}{\sin \theta} = 3 - 4 \sin^2 \theta$, what kind of trigonometric function problem can you construct?",1,Olympiads,olympiads,,8257
"Calculate the sum of the digits of each number from 1 to \(10^{9}\), obtaining \(10^{9}\) new numbers. Then, calculate the sum of the digits of each new number. Continue this process until all numbers are single digits. Among the final single-digit numbers, which occurs more frequently: 1 or 2?",1,Olympiads,olympiads,,14641
"The diagram shows a rectangular picture frame \(ABCD\) made of eight identical trapezoids. The shaded region is where the picture goes. The length, \(AB\), and width, \(AD\), of the frame are both positive integers. The area of each individual trapezoidal piece is a prime number. If the area of the shaded region is less than 2000 square units, what is the maximum possible area of the shaded region?",1496,Olympiads,olympiads,,4594
"Given a right triangle \( ABC \) with legs \( AC = 3 \) and \( BC = 4 \). Construct triangle \( A_1 B_1 C_1 \) by successively translating point \( A \) a certain distance parallel to segment \( BC \) to get point \( A_1 \), then translating point \( B \) parallel to segment \( A_1 C \) to get point \( B_1 \), and finally translating point \( C \) parallel to segment \( A_1 B_1 \) to get point \( C_1 \). If it turns out that angle \( A_1 B_1 C_1 \) is a right angle and \( A_1 B_1 = 1 \), what is the length of segment \( B_1 C_1 \)?",12,Olympiads,olympiads,,18773
"Numbers $1,2,3,4,5,6,7,$ and $8$ are placed at the vertices of a cube such that the sum of any three numbers belonging to any face of the cube is not less than 10. Find the minimum possible sum of four numbers belonging to one face.",16,Olympiads,olympiads,,31262
"There are people with masses $50, 51, 55, 57, 58, 59, 60, 63, 75,$ and $140$ kg standing in front of an elevator. The elevator has a load capacity of $180$ kg. What is the minimum number of trips necessary to ensure that all people can be transported?",4,Olympiads,olympiads,,27169
"A mother baked pies - three with rice, three with cabbage, and one with cherry - and arranged them in a circle on a plate. Then, she put the plate in the microwave to heat them up. All the pies look identical. Masha knows the initial arrangement of the pies but does not know how the plate was rotated. She wants to eat the cherry pie, as she considers the others not tasty. How can Masha ensure that she finds the cherry pie by biting into as few untasty pies as possible?",2,Olympiads,olympiads,,9943
"Suppose that a function \( M(n) \), where \( n \) is a positive integer, is defined by
\[
M(n)=\left\{
\begin{array}{ll}
n - 10 & \text{if } n > 100 \\
M(M(n + 11)) & \text{if } n \leq 100
\end{array}
\right.
\]

How many solutions does the equation \( M(n) = 91 \) have?",101,Olympiads,olympiads,,24111
A boat travels 16 kilometers downstream and 8 kilometers upstream in a total of 4 hours. It also travels 12 kilometers downstream and 10 kilometers upstream in the same amount of time. How many hours does it take for the boat to travel 24 kilometers downstream and then return?,9,Olympiads,olympiads,,1060
"There are 5 girls sitting in a row on five chairs, and opposite them, on five chairs, there are 5 boys sitting. It was decided that the boys would switch places with the girls. In how many ways can this be done?",14400,Olympiads,olympiads,,9473
"If the value of the expression $(\square + 121 \times 3.125) \div 121$ is approximately 3.38, what natural number should be placed in $\square$?",31,Olympiads,olympiads,,32185
Determine the area of triangle \(ABC\) shown in the figure.,28,Olympiads,olympiads,,23127
How many necklaces can be made from five identical red beads and two identical blue beads?,3,Olympiads,olympiads,,9668
"On a squared sheet of paper of size \(100 \times 100\), several pairwise non-overlapping cardboard isosceles right triangles with a leg of length 1 are placed; each triangle occupies exactly half of one of the grid squares. It turns out that each unit segment of the grid (including the boundary ones) is covered by exactly one leg of a triangle. Find the maximum possible number of cells that do not contain any triangles.",2450,Olympiads,olympiads,,541
"Let $ n \geq 4, \alpha_{1}, \alpha_{2}, \cdots, \alpha_{n} ; \beta_{1}, \beta_{2}, \cdots, \beta_{n} $ be two sets of real numbers satisfying
$$
\sum_{j=1}^{n} \alpha_{j}^{2} < 1, \sum_{j=1}^{n} \beta_{j}^{2} < 1 .
$$

Define
$$
\begin{array}{l}
A^{2} = 1 - \sum_{j=1}^{n} \alpha_{j}^{2}, B^{2} = 1 - \sum_{j=1}^{n} \beta_{j}^{2}, \\
W = \frac{1}{2} \left( 1 - \sum_{j=1}^{n} \alpha_{j} \beta_{j} \right)^{2} .
\end{array}
$$

Find all real numbers $\lambda$ such that the equation
$$
x^{n} + \lambda \left( x^{n-1} + \cdots + x^{3} + W x^{2} + A B x + 1 \right) = 0
$$

has only real roots.",0,Olympiads,olympiads,,18696
"At the World Meteorological Conference, each participant announced the average monthly temperature in their hometown in turn. All the other participants at that moment recorded the product of the temperatures in their own city and the announced city. A total of 36 positive and 36 negative numbers were recorded. What is the minimum number of times a positive temperature could have been announced?",3,Olympiads,olympiads,,16554
"Given two plane vectors $\boldsymbol{\alpha}$ and $\boldsymbol{\beta}$ that satisfy
\[ |\boldsymbol{\alpha} + 2\boldsymbol{\beta}| = 3 \]
\[ |2\boldsymbol{\alpha} + 3\boldsymbol{\beta}| = 4, \]
find the minimum value of $\boldsymbol{\alpha} \cdot \boldsymbol{\beta}$.",-170,Olympiads,olympiads,,26573
"As shown in Figure 2, \(AB\) and \(CD\) are two chords of circle \(\odot O\). Given that \(CD = 2\), and \(AB = m + n\sqrt{5}\) (where \(m\) and \(n\) are rational numbers), the degree measures of arcs \(\overparen{AB}\) and \(\overparen{CD}\) are \(108^\circ\) and \(36^\circ\) respectively. Calculate \(108m - 36n\).",72,Olympiads,olympiads,,30543
"In-Young generates a string of \( B \) zeroes and ones using the following method:
- First, she flips a fair coin. If it lands heads, her first digit will be a 0, and if it lands tails, her first digit will be a 1.
- For each subsequent bit, she flips an unfair coin, which lands heads with probability \( A \). If the coin lands heads, she writes down the number (zero or one) different from the previous digit, while if the coin lands tails, she writes down the previous digit again.
What is the expected value of the number of zeroes in her string?",2,Olympiads,olympiads,,11555
"There is a chain of 150 links, each weighing 1 gram. What is the minimum number of links that need to be broken in order to form every possible weight from 1 gram to 150 grams using the resulting pieces (a broken link still weighs 1 gram)?",4,Olympiads,olympiads,,3947
"Let the three-digit number \( n = \overline{abc} \). If \( a \), \( b \), and \( c \) can form an isosceles (including equilateral) triangle, how many such three-digit numbers are there?",165,Olympiads,olympiads,,3773
"The distances between the points are given as $A B = 30$, $B C = 80$, $C D = 236$, $D E = 86$, $E A = 40$. What is the distance $E C$?",150,Olympiads,olympiads,,22594
"For each number from 1 to 1,000,000,000, the sum of its digits is calculated. For each of the resulting one billion numbers, the sum of its digits is calculated again, and so on, until there is a billion single-digit numbers. Which digit will appear more frequently: 1 or 2?",1,Olympiads,olympiads,,25709
"Consider the sequence \(\left\{a_{n}\right\}\) defined by \(a_{0}=\frac{1}{2}\) and \(a_{n+1}=a_{n}+\frac{a_{n}^{2}}{2023}\) for \(n = 0, 1, \ldots\). Find the integer \(k\) such that \(a_{k} < 1 < a_{k+1}\).",2023,Olympiads,olympiads,,24151
"Peter wrote in descending order \( n \) consecutive two-digit numbers, the last of which does not contain the digit 7. Vasya thought that this sequence was the decimal representation of a natural number \( x \) and decomposed \( x \) into prime factors. It turned out that there are exactly two prime factors and they differ by 4. What is written on the board?",91,Olympiads,olympiads,,14815
"Philatelist Andrey decided to distribute all his stamps equally into 3 envelopes, but one stamp was left over. When he distributed them equally into 5 envelopes, 3 stamps were left over; finally, when he distributed them equally into 7 envelopes, 5 stamps were left over. How many stamps does Andrey have in total?",208,Olympiads,olympiads,,29789
"One fifth of a swarm of bees is sitting on a Kadamba flower, one third on Silindha flowers. The thrice the difference of the last two numbers went to Kutaja flowers. And there is also one bee flying, attracted by the wonderful fragrance of jasmine and pandanus. Tell me, charming one, how many bees are there in total?",15,Olympiads,olympiads,,21455
"How many terms do we need to take from the sum

$$
1+2+3+\ldots+n
$$

so that we get a three-digit number composed of identical digits?",36,Olympiads,olympiads,,16196
Denis cut out a ship from a square sheet of graph paper (see the picture). What is the minimum number of cells the square sheet of paper could have consisted of before the ship was cut out?,121,Olympiads,olympiads,,19914
"The recruits were standing in a row, one behind the other, facing the same direction. Among them were three brothers: Peter, Nicholas, and Denis. There were 50 people ahead of Peter, 100 ahead of Nicholas, and 170 ahead of Denis. Upon the command ""About face!"", everyone turned to face the opposite direction. It turned out that in front of one of the brothers, there were now four times as many people as there were in front of another brother. How many recruits, including the brothers, could there be? List all possible variants.",211,Olympiads,olympiads,,13860
"Given 4 points in space that are not in the same plane, how many different parallelepipeds can be formed using these 4 points as 4 of the 8 vertices?",29,Olympiads,olympiads,,32141
"In the first quadrant of the rectangular coordinate plane, all integral points are numbered as follows:",72,Olympiads,olympiads,,6942
"For the quadrilateral \(ABCD\), it is known that \(AB = BD\), \(\angle ABD = \angle DBC\), and \(\angle BCD = 90^\circ\). On segment \(BC\), point \(E\) is marked such that \(AD = DE\). What is the length of segment \(BD\) if it is known that \(BE = 7\) and \(EC = 5\)?",17,Olympiads,olympiads,,13202
"There are red and blue socks in a drawer, with a total number not exceeding 2017. If two socks are randomly drawn, the probability that they are of the same color is $\frac{1}{2}$. What is the maximum number of red socks in the drawer?",990,Olympiads,olympiads,,13848
"It is known that when 2008 is divided by certain natural numbers, the remainder is always 10. How many such natural numbers are there?",11,Olympiads,olympiads,,21371
"A cross, consisting of two identical large squares and two identical small squares, was placed inside an even larger square. Calculate the side length of the largest square in centimeters if the area of the cross is 810 cm².",36,Olympiads,olympiads,,5473
"Xiao Ming places some chess pieces into a $3 \times 3$ grid. Each small square within the grid can have zero, one, or more chess pieces. After counting the number of chess pieces in each row and each column, he obtains 6 different sums. What is the minimum number of chess pieces needed?",8,Olympiads,olympiads,,29163
"How many natural numbers \( \mathrm{N} \) greater than 300 exist such that exactly two out of the numbers \( 4 \mathrm{~N}, \mathrm{~N} - 300, \mathrm{N} + 45, 2\mathrm{N} \) are four-digit numbers?",5410,Olympiads,olympiads,,10739
"Let \( h_a = \beta_b = m_c \), where \( h_a = AP \), \( \beta_b = BL \), and \( m_c = CF \) are, respectively, the altitude, angle bisector, and median drawn from three different vertices of a triangle \( ABC \). What value can the ratio of the length of the longest side of triangle \( ABC \) to the length of the shortest side take?",1,Olympiads,olympiads,,11575
"Hooligan Vasya loves running on the escalator in the subway, and he runs twice as fast down as he does up. If the escalator is not working, it takes him 6 minutes to run up and down. If the escalator is moving down, it takes him 13.5 minutes to run up and down. How many seconds will it take Vasya to run up and down on an escalator that is moving up? (The escalator always moves at a constant speed.)",324,Olympiads,olympiads,,8187
"On a plane with a grid, three rectangles (which are not squares) and one square $Q R S T$ are drawn, resulting in a figure schematically represented in the drawing. The sides of all four rectangles are less than 7.

It is known that the area of rectangle $A B C D$ is 33 grid squares. Find the area of the shaded figure, given that $P Q<S C$.",21,Olympiads,olympiads,,2828
"Suppose \( x_{1}, x_{2}, \ldots, x_{2011} \) are positive integers satisfying
\[ x_{1} + x_{2} + \cdots + x_{2011} = x_{1} x_{2} \cdots x_{2011} \]

Find the maximum value of \( x_{1} + x_{2} + \cdots + x_{2011} \).",4022,Olympiads,olympiads,,16606
"Based on the definition of the derivative, find \( f^{\prime}(0) \):

\[ f(x) = \begin{cases}
\frac{\ln \left(1+2 x^{2}+x^{3}\right)}{x}, & x \neq 0 \\ 
0, & x = 0
\end{cases} \]",2,Olympiads,olympiads,,5138
Let $x \in \mathbf{R}$. Find the minimum value of the function $f(x) = \left(x^2 + 4x + 5\right)\left(x^2 + 4x + 2\right) + 2x^2 + 8x + 1$.,-9,Olympiads,olympiads,,14646
The diagonals of a convex quadrilateral $ABCD$ intersect at point $O$. What is the minimum area this quadrilateral can have if the area of triangle $AOB$ is 4 and the area of triangle $COD$ is 9?,25,Olympiads,olympiads,,27254
Four cities and five roads are arranged as shown in the picture. The lengths of all the roads are whole numbers of kilometers. The lengths of four roads are given in the picture. How many kilometers is the length of the remaining road?,17,Olympiads,olympiads,,21207
"Let \( d \) be the greatest common divisor of a natural number \( b \) and 175. If \( 176 \times (b - 11 \times d + 1) = 5 \times d + 1 \), then \( b = \) ________.",385,Olympiads,olympiads,,12233
"Given a sequence \(\left\{a_{n}\right\}\) defined by
\[a_{n}=a_{n-1}-a_{n-2}, \text{ for } n \geq 3.\]

If the sum of the first 1492 terms of the sequence is 1985, and the sum of the first 1985 terms is 1492, find the sum of the first 2001 terms.",-13,Olympiads,olympiads,,24662
"The archipelago consists of $N \geqslant 7$ islands. Any two islands are connected by no more than one bridge. It is known that from each island, there are no more than 5 bridges, and among any 7 islands, there are always two islands connected by a bridge. What is the largest possible value of $N$?",36,Olympiads,olympiads,,14056
"There are 60 colored balls in a bag, with 6 balls of each color. Blindly picking the balls, how many balls must be picked to ensure that at least three balls of the same color are picked?",21,Olympiads,olympiads,,11187
"Given an integer \( n \geq 2 \), let \( f(n) \) be the second largest positive divisor of \( n \). For example, \( f(12)=6 \) and \( f(13)=1 \). Determine the largest positive integer \( n \) such that \( f(n)=35 \).",175,Olympiads,olympiads,,30552
"In a tournament with 2017 participating teams, each round consists of three randomly chosen teams competing, with exactly one team surviving from each round. If only two teams remain, a one-on-one battle determines the winner. How many battles must take place to declare a champion?",1008,Olympiads,olympiads,,14100
"Given the real numbers \(a\), \(b\), \(x\), and \(y\) that satisfy the system of equations
\[
\begin{cases}
a x + b y = 3, \\
a x^2 + b y^2 = 7, \\
a x^3 + b y^3 = 6, \\
a x^4 + b y^4 = 42,
\end{cases}
\]
find the value of \(a x^5 + b y^5\).",20,Olympiads,olympiads,,23115
"Alice and Bob play a game using two thousand and eleven $2011 \times 2011$ grids. Bob has 1 grid, while Alice has 2010 grids. They fill their grids with the numbers $1, 2, \ldots, 2011^{2}$, such that the numbers across rows and down columns are strictly increasing. No two of Alice's grids are identical. After filling the grids, Bob looks at all of Alice's grids and makes swaps on his own grid two numbers at a time, ensuring the grid remains strictly increasing across rows and down columns after each swap. Once Bob finishes swapping, one of Alice's grids is selected at random. If any two integers in the same column of the selected grid also appear in the same row of Bob's grid, Bob wins. Otherwise, Alice wins. Given Bob selects his initial grid optimally, what is the maximum number of swaps Bob may need to guarantee victory?",1,Olympiads,olympiads,,8807
Write the smallest natural number composed of all possible different digits that is divisible by 5.,150,Olympiads,olympiads,,29592
"Set \(\{x\} = x - \lfloor x \rfloor\), where \(\lfloor x \rfloor\) denotes the largest integer less than or equal to \(x\). Find the number of real solutions to the equation
$$
\{x\} + \left\{ x^2 \right\} = 1, \quad |x| \leq 10.
$$",181,Olympiads,olympiads,,20433
Please fill in the appropriate numbers in each arrow in the figure so that the number in each arrow indicates the number of different digits in the direction the arrow is pointing. Then determine the four-digit number $\overline{\mathrm{ABCD}}$. (As shown in the figure is a $3 \times 3$ example).,2112,Olympiads,olympiads,,30309
"Let \( A B C D \) be an isosceles trapezoid with \( [A B] \) as the larger base. It is given that the diagonals intersect at a point \( O \) such that \(\frac{O A}{O C}=2\). Given that the area of triangle \( B O C \) is 10, what is the area of the trapezoid \( A B C D \)?",45,Olympiads,olympiads,,26965
"Let \( S = \{r_1, r_2, \cdots, r_n\} \subseteq \{1, 2, 3, \cdots, 50\} \), and let any two numbers in \( S \) not be divisible by 7 when summed. Find the maximum value of \( n \).",23,Olympiads,olympiads,,22267
Electronic clocks display time from 00:00:00 to 23:59:59. How much time during the day does the clock display exactly four digits of the number 3?,135,Olympiads,olympiads,,14747
"Given \(\frac{2+4+6+8}{1+3+5+7}-\frac{1+3+5+7}{2+4+6+8}=\frac{m}{n}\), where \(\mathbf{m}\) and \(\mathbf{n}\) are two coprime positive integers, find \(10m+n\).",110,Olympiads,olympiads,,1098
Let $n$ be the smallest positive integer such that the last three digits of $n^3$ are 888. Find $n$.,192,Olympiads,olympiads,,21028
"In the set of the first 100 odd numbers \( \{1, 3, \cdots, 199\} \), select a subset such that no number in the subset is divisible by another number in the subset. What is the maximum number of elements in this subset?",67,Olympiads,olympiads,,31851
"A rook has toured a chessboard, visiting each square at least once. What is the minimum number of turns it could have made in the process?",14,Olympiads,olympiads,,24217
"Determine \( p \) such that in the equation

$$
x^{2}+(2-p) x-p-3=0
$$

the sum of the squares of the roots is minimized.",1,Olympiads,olympiads,,20033
"For some positive real \(\alpha\), the set \(S\) of positive real numbers \(x\) with \(\{x\} > \alpha x\) consists of the union of several intervals, with total length 20.2. The value of \(\alpha\) can be expressed as \(\frac{a}{b}\), where \(a, b\) are relatively prime positive integers. Compute \(100a + b\). (Here, \(\{x\} = x - \lfloor x \rfloor\) is the fractional part of \(x\).)",4633,Olympiads,olympiads,,2764
"How many 7-digit positive integers are made up of the digits 0 and 1 only, and are divisible by 6?",11,Olympiads,olympiads,,8847
Find all integers \( n \) such that \( n^{4} + 6n^{3} + 11n^{2} + 3n + 31 \) is a perfect square.,10,Olympiads,olympiads,,2855
"Zhenya drew a square with a side of 3 cm and then erased one of these sides. The resulting shape looked like the letter ""P."" The teacher asked Zhenya to place points along this ""P"" shape, starting from the edge, so that the next point was 1 cm away from the previous one, as shown in the picture, and then count the number of points. He ended up with 10 points.

Later, the teacher decided to complicate the task and asked to count the number of points for the ""P"" shape obtained similarly from a square with a side of 10 cm. How many points will Zhenya have this time?",31,Olympiads,olympiads,,12512
"Given a sequence \(\left\{a_{n}\right\}\) where \(a_{n} + a_{n+1} = n \cdot (-1)^{\frac{n(n+1)}{2}}\), with the sum of the first \(n\) terms being \(S_{n}\), and \(m + S_{2015} = -1007\), and \(a_{1} \cdot m > 0\). Find the minimum value of \(\frac{1}{a_{1}} + \frac{4}{m}\).",9,Olympiads,olympiads,,15989
"100 children were given 100 macaroni each on their plates. Some children did not want to eat and started playing. In one action, a child can transfer one macaroni from their plate to the plates of any number of other children. After the least number of actions, how can all the children end up with a different number of macaroni on their plates?",50,Olympiads,olympiads,,28281
"Given an equilateral triangle and a regular heptagon inscribed in a circle with a circumference of 84, their vertices divide the circumference into 10 segments. Find the maximum possible length of the shortest arc segment.",2,Olympiads,olympiads,,31820
"Given \( a, b, c \geq 0 \) and \( a + b + c = 5 \), let \( S = 2a + 2ab + abc \). Find the maximum value of \( S \).",18,Olympiads,olympiads,,31385
"Let $S$ be a non-empty set composed of integers, and let $\sigma(S)$ represent the sum of all elements in $S$. Consider $A=\left\{a_{1}, a_{2}, \cdots, a_{11}\right\}$ to be a set of positive integers such that $a_{1}<a_{2}<\cdots<a_{11}$. If for every positive integer $n \leqslant 1500$, there exists a subset $S$ of $A$ such that $\sigma(S)=n$, determine the smallest possible value of $a_{10}$.",248,Olympiads,olympiads,,10132
"In a plane, 36 points are marked, no three of which are collinear. Some pairs of the marked points are connected by segments such that no more than 3 segments originate from any marked point.

What is the maximum number of different closed 4-segment broken lines that can be formed?

The vertices of the broken line can only be the marked points, and the segments can only be the drawn segments. It does not matter where the broken line starts or how it is oriented. For example, if for some 4 marked points \(A, B, C, D\) the segments \(AB, BC, CD, DA\) are drawn, then \(ABCD, BCDA, CDAB, DABC, ADCB, BACD, CBAD, DCBA\) are considered the same broken line.",54,Olympiads,olympiads,,27381
"In triangle \(ABC\) with the ratio of the sides \(AB: AC = 5: 2\), the angle bisector of \(\angle BAC\) intersects side \(BC\) at point \(L\). Find the length of segment \(AL\) if the length of the vector \(2 \cdot \overrightarrow{AB} + 5 \cdot \overrightarrow{AC}\) is 2016.",288,Olympiads,olympiads,,14182
"In a certain country, there are 100 cities. Each city is connected by direct two-way air routes to three other cities. Furthermore, it is possible to travel from any city to any other city, possibly with transfers. Vasya wants to travel from city A to city B. What is the minimum number of flights that will always be enough for him to reach his destination?",72,Olympiads,olympiads,,24646
"A bundle of wire was used in the following sequence:
- The first time, more than half of the total length was used, plus an additional 3 meters.
- The second time, half of the remaining length was used, minus 10 meters.
- The third time, 15 meters were used.
- Finally, 7 meters were left.

How many meters of wire were there originally in the bundle?",54,Olympiads,olympiads,,29075
"In space, there is a regular dodecahedron. In how many ways can a plane be placed so that it intersects the dodecahedron in a regular hexagon?",30,Olympiads,olympiads,,29320
"There are 5 bags, each containing balls of a single color. The number of balls in each bag is 7, 15, 16, 10, and 23. There are 3 colors: red, yellow, and blue. It is known that there is only one bag of red balls. The number of yellow balls is double the number of blue balls. Determine the number of red balls.",23,Olympiads,olympiads,,2776
"A movie ticket initially cost 300 rubles. When the price was reduced, the number of visitors increased by 50 percent, and the cinema's revenue grew by 35 percent. What is the new price of one ticket in rubles?",270,Olympiads,olympiads,,14805
Let us call a ticket with a number from 000000 to 999999 excellent if the difference between some two neighboring digits of its number is 5. Find the number of excellent tickets.,409510,Olympiads,olympiads,,21572
"4. (7 points) Linlin copied a repeating decimal incorrectly as 0.123456. If the digits are correct but the repeating part indicator was mistakenly left out, how many possible original repeating decimals could there be?",6,Olympiads,olympiads,,4482
"Consider the sequences \(a_{1}, a_{2}, \cdots, a_{6}; b_{1}, b_{2}, \cdots, b_{6}; c_{1}, c_{2}, \cdots, c_{6}\), which are all permutations of the numbers \(1, 2, \cdots, 6\). Find the minimum value of \(\sum_{i=1}^{6} a_{i} b_{i} c_{i}\).",162,Olympiads,olympiads,,5538
"Several years ago, in the computer game ""Minecraft,"" there were 11 different paintings: one horizontal painting with dimensions \(2 \times 1\), and two paintings each of the following dimensions: \(1 \times 1\), \(1 \times 2\) (vertical), \(2 \times 2\), \(4 \times 3\) (horizontal), and \(4 \times 4\). In how many ways can all 11 paintings be placed on a rectangular wall of size 12 blocks in length and 6 blocks in height? The paintings must not overlap, and they cannot be rotated.",16896,Olympiads,olympiads,,27078
"Given the intersection points of a straight line with the sides of a right-angled quadrilateral, as well as the length of one side; construct the right-angled quadrilateral. Under what conditions is this problem solvable and, if it is solvable, in how many ways can it be solved?",12,Olympiads,olympiads,,10956
"What is the smallest positive integer \( t \) such that there exist integers \( x_1, x_2, \ldots, x_t \) with
\[ x_1^3 + x_2^3 + \cdots + x_t^3 = 2002^{2002}? \",4,Olympiads,olympiads,,29092
For which natural numbers \( n \) is the sum \( 5^n + n^5 \) divisible by 13? What is the smallest \( n \) that satisfies this condition?,12,Olympiads,olympiads,,22936
"In the image, there is a cube with an edge length of $2 \text{ cm}$ composed of eight smaller cubes, each with an edge length of $1 \text{ cm}$. Eight faces of the small cubes are painted black, while the rest are white. It is possible to assemble the bigger cube such that its surface is entirely white. In how many ways can the small cubes be painted? Assume that identically painted small cubes cannot be distinguished and can be interchanged.",10,Olympiads,olympiads,,19552
What is the maximum number of 1x1 squares that can be placed next to a given unit square \( K \) such that no two of these squares overlap?,8,Olympiads,olympiads,,15892
"Find the sum of three-digit numbers, each of which is the product of four distinct prime numbers.",10494,Olympiads,olympiads,,11323
Each face of a $1000 \times 1000 \times 1000$ cube is divided into $1000^2$ square cells with side length 1. What is the maximum number of these cells that can be colored so that no two colored cells share a side?,2998000,Olympiads,olympiads,,7091
"Calculate the following expression:

$$
\lim _{n \rightarrow \infty} \sum_{k=0}^{n} \frac{k^{2}+3k+1}{(k+2)!}
$$",2,Olympiads,olympiads,,8300
"As shown in the figure composed of four small squares with side length 1, there are a total of 9 grid points (grid points are the vertices of the small squares). If these grid points are used as vertices, how many isosceles triangles can be formed in total?",36,Olympiads,olympiads,,32663
"Find the number of matrices that satisfy two conditions:
1) The matrix has the form $\left(\begin{array}{lll}1 & * & * \\ * & 1 & * \\ * & * & 1\end{array}\right)$, where each * can take the value 0 or 1, and
2) The rows of the matrix do not repeat.",45,Olympiads,olympiads,,12982
"In the expression \(17 \square 17 \square 17 \square 17\), fill in the four squares with the symbols ""+"", ""-"", ""×"", and ""÷"" each exactly once. What is the maximum value that can be obtained?",305,Olympiads,olympiads,,11835
"If a positive integer \( N \) can be expressed as \( \lfloor x \rfloor + \lfloor 2x \rfloor + \lfloor 3x \rfloor \) for some real number \( x \), then we say that \( N \) is ""visible""; otherwise, we say that \( N \) is ""invisible"". For example, 8 is visible since \( 8 = \lfloor 1.5 \rfloor + \lfloor 2(1.5) \rfloor + \lfloor 3(1.5) \rfloor \), whereas 10 is invisible. If we arrange all the ""invisible"" positive integers in increasing order, find the \( 2011^{\text{th}} \) ""invisible"" integer.",6034,Olympiads,olympiads,,32633
"Vanya goes to the swimming pool every Wednesday and Friday. After his latest visit, he noticed that he had already gone 10 times this month. What will be the date of his third visit next month if he continues going on Wednesdays and Fridays?",12,Olympiads,olympiads,,21491
"A convex polyhedron has a surface composed of 12 squares, 8 regular hexagons, and 6 regular octagons. At each vertex, a square, an octagon, and a hexagon meet. How many line segments connecting the vertices of the polyhedron lie inside the polyhedron, rather than on the faces or edges of the polyhedron?",840,Olympiads,olympiads,,15986
"The total corn yield in centners, harvested from a certain field area, is expressed as a four-digit number composed of the digits 0, 2, 3, and 5. When the average yield per hectare was calculated, it was found to be the same number of centners as the number of hectares of the field area. Determine the total corn yield.",3025,Olympiads,olympiads,,63
"In triangle \( \triangle ABC \), \(\angle C = 90^\circ\). The angle bisectors of \(\angle A\) and \(\angle B\) intersect at point \(P\). \(PE \perp AB\) at point \(E\). Given that \(BC = 2\) and \(AC = 3\), find the value of \(AE \cdot EB\).",3,Olympiads,olympiads,,21370
What are the last 8 digits of the product \( 11 \times 101 \times 1001 \times 10001 \times 1000001 \times 111 \)?,87654321,Olympiads,olympiads,,26980
"Let \( p \) be a function associated with a permutation. The order of this permutation is defined as the smallest integer \( k \) such that \( p^{(k)} = \text{Id} \).

What is the largest order for a permutation of size 11?",30,Olympiads,olympiads,,31008
"There are 100 chips numbered from 1 to 100 placed in the vertices of a regular 100-gon in such a way that they follow a clockwise order. In each move, it is allowed to swap two chips located at neighboring vertices if their numbers differ by at most $k$. What is the smallest value of $k$ for which, by a series of such moves, it is possible to achieve a configuration where each chip is shifted one position clockwise relative to its initial position?",50,Olympiads,olympiads,,31104
"At the end of the semester, teacher Xixi bought the same number of gel pens, ballpoint pens, and erasers to distribute to the students in her class. After giving each student 2 gel pens, 3 ballpoint pens, and 4 erasers, she found 48 ballpoint pens remaining. The number of remaining gel pens is exactly twice the number of remaining erasers. Calculate the total number of students in teacher Xixi's class.",16,Olympiads,olympiads,,14176
Part of a wall is to be decorated with a row of four square tiles. Three different colours of tiles are available and there are at least two tiles of each colour available. Tiles of all three colours must be used. In how many ways can the row of four tiles be chosen?,36,Olympiads,olympiads,,32302
"For a real number \( x \), let \( \lfloor x \rfloor \) denote the greatest integer not exceeding \( x \). Consider the function
\[ f(x, y) = \sqrt{M(M+1)}(|x-m| + |y-m|), \]
where \( M = \max(\lfloor x \rfloor, \lfloor y \rfloor) \) and \( m = \min(\lfloor x \rfloor, \lfloor y \rfloor) \). The set of all real numbers \( (x, y) \) such that \( 2 \leq x, y \leq 2022 \) and \( f(x, y) \leq 2 \) can be expressed as a finite union of disjoint regions in the plane. The sum of the areas of these regions can be expressed as a fraction \( \frac{a}{b} \) in lowest terms. What is the value of \( a + b \)?",2021,Olympiads,olympiads,,21296
"Fill each square with a number from 1 to 6 so that the numbers in each row and each column do not repeat. The number on the right represents the sum of three numbers formed by the first three digits separated by a bold line, the middle two digits, and the last digit. What is the five-digit number $\overline{\mathrm{ABCDE}}=$ ?",62363,Olympiads,olympiads,,30226
"Let \(a\), \(b\), and \(c\) be the lengths of the three sides of a triangle. Suppose \(a\) and \(b\) are the roots of the equation
\[
x^2 + 4(c + 2) = (c + 4)x,
\]
and the largest angle of the triangle is \(x^\circ\). Find the value of \(x\).",90,Olympiads,olympiads,,3584
"Let \( ABCD \) be a parallelogram. Let \( E \) be the midpoint of \( AB \) and \( F \) be the midpoint of \( CD \). Points \( P \) and \( Q \) are on segments \( EF \) and \( CF \), respectively, such that \( A, P \), and \( Q \) are collinear. Given that \( EP = 5 \), \( PF = 3 \), and \( QF = 12 \), find \( CQ \).",8,Olympiads,olympiads,,21851
"Jiřina has a four-digit number written on a piece of paper. When she swaps the digits in the hundreds and units places and adds this new number to the original number, the result is 3332. If she instead swaps the digits in the thousands and tens places and adds this new number to the original number, the result is 7886. Determine the number Jiřina had written on the paper.",1468,Olympiads,olympiads,,2629
"Let $\{a_n\}$ be a sequence of positive numbers with $b_n$ representing the sum of the first $n$ terms of $\{a_n\}$. The product of the first $n$ terms of the sequence $\{b_n\}$ is denoted by $c_n$, and $b_n + c_n = 1$. What is the number in the sequence $\left\{\frac{1}{a_n}\right\}$ that is closest to 2009?",1980,Olympiads,olympiads,,8758
"Find all positive integers \( n > 1 \) such that any of its positive divisors greater than 1 has the form \( a^r + 1 \), where \( a \) is a positive integer and \( r \) is a positive integer greater than 1.",10,Olympiads,olympiads,,18449
"The number 3600 can be written as \( 2^{a} \times 3^{b} \times 4^{c} \times 5^{d} \), where \( a, b, c \) and \( d \) are all positive integers. It is given that \( a+b+c+d=7 \). What is the value of \( c \)?",1,Olympiads,olympiads,,9294
"The number of elements in the set $\left\{(x, y) \mid x^{2}+y^{2} \leq 100 \text{ and } x, y \in \mathbf{Z}\right\}$",317,Olympiads,olympiads,,31665
"If the centroid of the inscribed triangle \( ABC \) of the curve \( y^{2}=4 \sqrt{2} x \) is its focus \( F \), then
\[ |FA|^{2} + |FB|^{2} + |FC|^{2} = \]",27,Olympiads,olympiads,,32900
"Determine the last two digits of \( 17^{17} \), written in base 10.",77,Olympiads,olympiads,,20538
"Let \(a, b, c, d\) be distinct positive odd numbers. What is the minimum value of

\[
2abcd - (abc + abd + acd + bcd)
\]",34,Olympiads,olympiads,,29417
"Olya drew $N$ distinct lines on a plane, any two of which intersect. It turned out that among any 15 lines, there are necessarily two lines whose angle between them is $60^\circ$. What is the maximum possible value of $N$?",42,Olympiads,olympiads,,25781
"Let \( X = \{1, 2, \ldots, 10\} \). The mapping \( f: X \rightarrow X \) satisfies:
1. \( f \circ f = I_X \), where \( f \circ f \) is the composition of mappings, and \( I_X \) is the identity mapping on \( X \);
2. \( |f(i) - i| \leqslant 2 \) for any \( i \in X \).

Determine the number of such mappings \( f \).",401,Olympiads,olympiads,,20169
"On a chessboard of dimensions $18 \times 8$, what is the minimum number of $L$-shaped tiles (each covering exactly 3 small squares) that must be placed non-overlapping, such that the remaining part cannot fit another $L$-shaped tile?",11,Olympiads,olympiads,,10068
"The following statements are given:
1) Joe is skillful;
2) Joe is not lucky;
3) Joe is lucky, but he is not skillful;
4) If Joe is skillful, then he is not lucky;
5) Joe is skillful if and only if he is lucky;
6) Joe is either skillful or lucky, but not both at the same time.

What is the greatest number of these six statements that can be true simultaneously?",3,Olympiads,olympiads,,6893
"Given a $33 \times 33$ grid, each cell is to be colored with one of three colors such that the number of cells of each color is equal. If two adjacent cells have different colors, the common side between them is called a ""separating edge."" Find the minimum number of separating edges.",56,Olympiads,olympiads,,21466
Arrange the digits from 0 to 9 into a ten-digit number where the first digit is not zero and all digits are unique. How many such ten-digit numbers are divisible by 99?,285120,Olympiads,olympiads,,3186
"Let \( f(n) \) be the degree of the lowest order polynomial \( p(x) \) with integer coefficients and leading coefficient 1, such that \( n \) divides \( p(m) \) for all integral \( m \). Describe \( f(n) \). Evaluate \( f(1000000) \).",25,Olympiads,olympiads,,576
"Let \( n \) be a natural number, and \( a \) and \( b \) be positive real numbers such that \( a + b = 2 \). Find the minimum value of \( \frac{1}{1 + a^n} + \frac{1}{1 + b^n} \).",1,Olympiads,olympiads,,12281
"Given a rectangle \(ABCD\). A circle intersects the side \(AB\) at points \(K\) and \(L\). Find the length of segment \(MN\) if \(AK = 10\), \(KL = 17\), \(DN = 7\).",23,Olympiads,olympiads,,13061
"1. How many different ways are there to choose 4 letters from $a, b, b, c, c, c, d, d, d, d$?
2. How many different four-digit numbers can be formed by choosing 4 digits from $1, 2, 2, 3, 3, 3, 4, 4, 4, 4$?",175,Olympiads,olympiads,,22019
"For which natural numbers \(a\) is it true that the greatest common divisor of \(\left(a^{4}+3a^{2}+1, a^{3}+2a\right)\) is 1?",1,Olympiads,olympiads,,7969
"Masha and the Bear ate a basket of raspberries and 60 pies, starting and finishing at the same time. Initially, Masha ate raspberries while the Bear ate pies, and then they switched at some point. The Bear ate raspberries 6 times faster than Masha and pies 3 times faster. How many pies did the Bear eat if the Bear ate twice as many raspberries as Masha?",54,Olympiads,olympiads,,27586
"Place the numbers $0, 1, 2, 3, 4, 5, 6, 7$ on the eight vertices of a cube (each vertex having one number, with each number used exactly once) in such a way that the sum of the two numbers at the ends of each edge is always a prime number. What is the maximum sum of the four numbers on one face of the cube?",18,Olympiads,olympiads,,18391
Find the smallest natural number that is divisible by 63 and has a digit sum of 63.,63999999,Olympiads,olympiads,,17701
"In a chess tournament, there were 8 players. They scored respectively $7,6,4,4,3,2,1.5,$ and $0.5$ points. How many points did the players who took the top four places lose in their matches with the others?",1,Olympiads,olympiads,,27565
"The cells of a $100 \times 100$ table are painted white. In one move, you are allowed to choose any 99 cells from one row or one column and repaint each of them in the opposite color – from white to black or from black to white. What is the minimum number of moves needed to obtain a table with a checkerboard pattern of cells?",100,Olympiads,olympiads,,5410
"The Fibonacci sequence is defined as follows: \( F_{0}=0, F_{1}=1 \), and \( F_{n}=F_{n-1}+F_{n-2} \) for all integers \( n \geq 2 \). Find the smallest positive integer \( m \) such that \( F_{m} \equiv 0 \pmod{127} \) and \( F_{m+1} \equiv 1 \pmod{127} \).",256,Olympiads,olympiads,,19879
"The flea Kuzya can make a jump on the plane in any direction for a distance of exactly 17 mm. Its task is to get from point \( A \) to point \( B \) on the plane, the distance between which is 1947 cm. What is the minimum number of jumps it must make?",1146,Olympiads,olympiads,,22587
A group of toddlers in a kindergarten collectively has 90 teeth. Any two toddlers together have no more than 9 teeth. What is the minimum number of toddlers that can be in the group?,23,Olympiads,olympiads,,31942
How many Pythagorean triangles are there in which one of the legs is equal to 2013? (A Pythagorean triangle is a right triangle with integer sides. Identical triangles count as one.).,13,Olympiads,olympiads,,10923
"Find the sum of all natural numbers that have exactly four natural divisors, three of which are less than 15, and the fourth is not less than 15.",649,Olympiads,olympiads,,29458
"Let \( S = \{1, 2, \cdots, 100\} \). Find the largest integer \( k \) such that \( S \) has \( k \) different non-empty subsets with the property that for any two different subsets among these \( k \) subsets, if their intersection is non-empty, then the smallest element in their intersection is not the same as the largest element in either of these two subsets.",13,Olympiads,olympiads,,29297
"In a certain country, there are 200 cities. The Ministry of Aviation requires that each pair of cities be connected by a bidirectional flight operated by exactly one airline, and that it should be possible to travel from any city to any other city using the flights of each airline (possibly with layovers). What is the maximum number of airlines for which this is possible?",100,Olympiads,olympiads,,18302
"The real numbers \( x \), \( y \) satisfy \( x^3 - 3x^2 + 5x - 17 = 0 \) and \( y^3 - 3y^2 + 5y + 11 = 0 \). Find \( x + y \).",2,Olympiads,olympiads,,26253
How many nine-digit positive integers consist of nine pairwise distinct digits and are divisible by 4950?,576,Olympiads,olympiads,,28271
"Let $A$ be an $n$-element subset of $\{1, 2, \ldots, 2009\}$ with the property that the difference between any two numbers in $A$ is not a prime number. Find the largest possible value of $n$. Find a set with this number of elements. (Note: 1 is not a prime number.)",504,Olympiads,olympiads,,17780
"How many different right-angled triangles exist, one of the legs of which is \(\sqrt{2016}\), and the other leg and hypotenuse are expressed in natural numbers?",12,Olympiads,olympiads,,275
"What is the lowest degree of a polynomial \( P \) if it is known that there exists an integer \( b \) such that the set of coefficients of \( P \) contains elements both greater and less than \( b \), but does not contain \( b \)?",4,Olympiads,olympiads,,1264
"Petya tells Kolya: ""I placed some numbers at the vertices of a cube, and then wrote the sum of the four numbers at its vertices on each face. Then I added all six numbers on the faces and got 2019. Can you determine the sum of the eight numbers at the vertices of the cube?"" How would you answer this question if you were in Kolya's place?",673,Olympiads,olympiads,,21826
Some nodes (vertices of unit squares) in a $6 \times 6$ grid are painted red such that on the boundary of any $k \times k$ subgrid ($1 \leqslant k \leqslant 6$) there is at least one red point. Find the minimum number of red points required to satisfy this condition.,16,Olympiads,olympiads,,5334
"As shown in the figure, in an $8 \times 8$ square grid, there are two bugs at points $A$ and $B$ (the bug at point $A$ is called bug $a$, and the bug at point $B$ is called bug $b$). Each time, the bugs move 1 square (choosing one of the four directions: up, down, left, or right). If bug $b$ moves two steps and bug $a$ moves three steps, how many ways are there for bug $b$ to have a distance from point $A$ that is less than or equal to the distance of bug $a$ from point $A$?",748,Olympiads,olympiads,,20961
"A $7 \times 7$ board is either empty or contains an invisible $2 \times 2$ ship placed ""on the cells."" Detectors can be placed on certain cells of the board and then activated simultaneously. An activated detector signals if its cell is occupied by the ship. What is the minimum number of detectors needed to guarantee determining whether the ship is on the board and, if so, identifying the cells it occupies?",16,Olympiads,olympiads,,17726
"How many steps are there in the escalator at the ""Curley Street"" station if the upper platform is considered a step and the lower platform is not? 

Given the following conditions:
1. If stepping two steps at a time, the last step has one step remaining.
2. If stepping three steps at a time, the last step has two steps remaining.
3. If stepping four steps at a time, the last step has five steps remaining.
4. If stepping five steps at a time, the last step has four steps remaining.
5. If stepping six steps at a time, the last step has five steps remaining.
6. If stepping seven steps at a time, the last step has six steps remaining.
7. If stepping twenty steps at a time, the last step has nineteen steps remaining.",839,Olympiads,olympiads,,19310
"Given that there are 64 light bulbs on a signal panel, each controlled by one of 64 buttons, you need to determine which button controls which light bulb. During each operation, you can press any set of buttons and record the on/off state of each light bulb. What is the minimum number of operations required to identify the controller button for each light bulb?",6,Olympiads,olympiads,,14101
"There are 9 blue, 7 red, and 14 white light bulbs. In how many ways can a garland be made using all the light bulbs such that no two white light bulbs are adjacent?",7779200,Olympiads,olympiads,,28699
How many distinct triangles are in the drawing? List them using vertex labels.,6,Olympiads,olympiads,,19197
"In some cells of a $10 \times 10$ board, $k$ rooks are placed, and then all the cells that are attacked by at least one rook are marked (a rook attacks the cell it is on). What is the maximum value of $k$ such that, if any one rook is removed from the board, there will still be at least one marked cell that is not under attack?",16,Olympiads,olympiads,,21534
"All four-digit numbers from 1000 to 9999 are written consecutively without spaces. Kostya underlined $k$ digits in a row in this sequence, and Andrey underlined another $k$ digits in a row in this sequence. It turned out that the $k$-digit numbers underlined by the boys were equal. What is the largest possible $k$ for which this could happen?",7,Olympiads,olympiads,,4152
"A 9-digit number contains exactly the digits 1, 2, 3, 4, 5, 6, 7, 8, and 9 each exactly once, and every pair of adjacent digits form a two-digit number that can be expressed as the product of two single-digit numbers. What is the 9-digit number?",728163549,Olympiads,olympiads,,18169
"A group of tourists is sharing cookies. If they divide equally two identical packs, one cookie will remain. If they divide equally three such packs, 13 cookies will remain. How many tourists are in the group?",23,Olympiads,olympiads,,3112
The diagonals $AC$ and $BD$ of trapezoid $ABCD$ with bases $AD$ and $BC$ intersect at point $O$. It is known that $AD = 2BC$ and the area of triangle $AOB$ equals 4. Find the area of the trapezoid.,18,Olympiads,olympiads,,30831
"Let \( b(x) = x^{2} + x + 1 \). The polynomial \( x^{2015} + x^{2014} + \cdots + x + 1 \) has a unique ""base \( b(x) \)"" representation
\[ x^{2015} + x^{2014} + \cdots + x + 1 = \sum_{k=0}^{N} a_{k}(x) b(x)^{k} \text{,} \]
where:
- \( N \) is a nonnegative integer;
- Each \( a_{k}(x) \) (for \( 0 \leq k \leq N \)) is either the zero polynomial (i.e. \( a_{k}(x) = 0 \)) or a nonzero polynomial of degree less than \( \operatorname{deg} b = 2 \);
- The ""leading digit \( a_{N}(x) \)"" is nonzero (i.e. not the zero polynomial).

Find \( a_{N}(0) \) (the ""leading digit evaluated at 0"").",-1006,Olympiads,olympiads,,1664
"Given that \( n \) is a positive integer not greater than 2021, and satisfies
\[ \left(\lfloor \sqrt{n} \rfloor^2 + 1\right) \mid \left(n^2 + 1\right), \]
find the number of such \( n \).",47,Olympiads,olympiads,,31290
"We shuffle a deck of 52 French playing cards, and then draw one by one from the pile until we find an ace of black color. In what position is it most likely for the first black ace to appear?",1,Olympiads,olympiads,,6108
Find the maximum possible number of diagonals of equal length in a convex hexagon.,7,Olympiads,olympiads,,21287
"The product $8 \cdot 78$ and the increasing sequence of integers ${3, 15, 24, 48, \cdots}$, which consists of numbers that are divisible by 3 and are one less than a perfect square, are given. What is the remainder when the 1994th term in this sequence is divided by 1000?",63,Olympiads,olympiads,,10459
"If 5 points are placed in the plane at lattice points (i.e., points $(x, y)$ where $x$ and $y$ are both integers) such that no three are collinear, then there are 10 triangles whose vertices are among these points. What is the minimum possible number of these triangles that have area greater than $\frac{1}{2}$?",4,Olympiads,olympiads,,16553
"The principal, the caretaker, and the parent-teacher committee, not consulting each other, each bought a carpet for the school auditorium of size \(10 \times 10\). Deciding what to do, they chose to place all three carpets as shown in the picture: the first carpet \(6 \times 8\) in one corner, the second carpet \(6 \times 6\) in the opposite corner, and the third carpet \(5 \times 7\) in one of the remaining corners (all sizes are in meters).

Find the area of the part of the hall covered by the carpets in three layers (give the answer in square meters).",6,Olympiads,olympiads,,8879
"Place "" $b$ ""-shaped polyominoes on an $8 \times 8$ grid as shown in the diagram. The polyominoes must align with the grid lines. After covering, the number of polyominoes in all horizontal and vertical grid lines must be equal. How many such "" $b$ ""-shaped polyominoes can be placed on the grid overall? (Note: The placed polyominoes can be rotated but not flipped).",7,Olympiads,olympiads,,19710
"On a table, there are five types of number cards: 1, 3, 5, 7, and 9, with 30 cards of each type. How many cards must we draw at a minimum to ensure that we can obtain sums of the drawn card numbers that cover each of the values from 1 to 200 inclusively?",26,Olympiads,olympiads,,21038
"In a $4 \times 4$ grid, numbers are written in such a way that the sum of the numbers in the neighboring cells (cells that share a side) of each number is equal to 1.

Find the sum of all the numbers in the grid.",6,Olympiads,olympiads,,4127
"Convex quadrilateral \(ABCD\) has right angles \(\angle A\) and \(\angle C\) and is such that \(AB = BC\) and \(AD = CD\). The diagonals \(AC\) and \(BD\) intersect at point \(M\). Points \(P\) and \(Q\) lie on the circumcircle of triangle \(AMB\) and segment \(CD\), respectively, such that points \(P\), \(M\), and \(Q\) are collinear. Suppose that \(\angle ABC = 160^\circ\) and \(\angle QMC = 40^\circ\). Find \(MP \cdot MQ\), given that \(MC = 6\).",36,Olympiads,olympiads,,4649
"Given: Three vertices \( A, B, \) and \( C \) of a square are on the parabola \( y = x^2 \). 
Find: The minimum possible area of such a square.",2,Olympiads,olympiads,,4609
"In a football tournament, each team is supposed to play one match against each of the other teams. However, during the tournament, half of the teams were disqualified and did not participate further. As a result, a total of 77 matches were played, and the disqualified teams managed to play all their matches against each other, with each disqualified team having played the same number of matches. How many teams were there at the beginning of the tournament?",14,Olympiads,olympiads,,24148
"It is known that the difference between the variables \( z \) and \( y \) is proportional to the variable \( x \), and the difference between \( x \) and \( z \) is proportional to the variable \( y \). The proportionality coefficient is the same in both cases and is equal to a positive integer \( k \). Some value of \( z \) is \( \frac{5}{3} \) times the difference of the corresponding values \( x \) and \( y \). Find the numerical value of the coefficient \( k \).",3,Olympiads,olympiads,,27614
"Two players play a game where they are each given 10 indistinguishable units that must be distributed across three locations. (Units cannot be split.) At each location, a player wins at that location if the number of units they placed there is at least 2 more than the units of the other player. If both players distribute their units randomly (i.e., there is an equal probability of them distributing their units for any attainable distribution across the 3 locations), the probability that at least one location is won by one of the players can be expressed as \(\frac{a}{b}\), where \(a, b\) are relatively prime positive integers. Compute \(100a + b\).",1011,Olympiads,olympiads,,26165
"Between terminals \(A\) and \(B\), several resistors are connected. Each resistor has input and output terminals. What is the minimum number of resistors required, and what could be the arrangement of their connection, such that if any 9 resistors fail, the circuit will still connect terminals \(A\) and \(B\) without creating a short circuit? (Failure of a resistor can be either a short circuit or an open circuit.)",25,Olympiads,olympiads,,27271
"If \(a, b, c, d\) are positive real numbers such that \(\frac{5a + b}{5c + d} = \frac{6a + b}{6c + d}\) and \(\frac{7a + b}{7c + d} = 9\), calculate \(\frac{9a + b}{9c + d}\).",9,Olympiads,olympiads,,20747
"Given an isosceles triangle \(ABC (AB = BC)\). Point \(E\) is marked on the ray \(BA\) beyond point \(A\), and point \(D\) is marked on side \(BC\). It is known that:

\[
\angle ADC = \angle AEC = 60^\circ, AD = CE = 13.
\]

Find the length of segment \(AE\), given that \(DC = 9\).",4,Olympiads,olympiads,,17368
"There are 1001 people seated around a round table, each of whom is either a knight (always tells the truth) or a liar (always lies). It turns out that next to each knight, there is exactly one liar, and next to each liar, there is exactly one knight. What is the minimum number of knights that can be seated at the table?",502,Olympiads,olympiads,,24114
"Using the equality \( \lg 11 = 1.0413 \), find the smallest number \( n > 1 \) for which among the \( n \)-digit numbers, there is not a single one equal to some natural power of the number 11.",26,Olympiads,olympiads,,4362
Compute the sum of all integers \( n \) such that \( n^2 - 3000 \) is a perfect square.,0,Olympiads,olympiads,,27337
"Petya marked 5 points on one face of a cube, then turned the cube and marked 6 points on the adjacent face, then turned again and marked 7 points on the next face, and so on. He marked points on each face. What is the maximum number of points that can be on two opposite faces combined?",18,Olympiads,olympiads,,21908
"There is a sufficiently deep tank with a rectangular bottom measuring 16 cm in length and 12 cm in width. Originally, the tank contains 6 cm deep water and 6 cm deep oil (the oil is above the water). If an iron block with dimensions 8 cm in length, 8 cm in width, and 12 cm in height is placed into the tank, what will be the height of the oil layer?",7,Olympiads,olympiads,,5242
"In triangle \( ABC \) with orthocenter \( H \), \( AB = 13 \), \( BC = 21 \), and \( CA = 20 \). The perpendicular bisector of \( CH \) meets \( BC \) at \( P \). Lines \( PH \) and \( AB \) meet at \( Q \). The line through \( Q \) perpendicular to \( PQ \) meets \( AH \) at \( X \). The length of \( AX \) can be written in the form \( \frac{p}{q} \), where \( p \) and \( q \) are relatively prime positive integers. Find \( p + q \).",173,Olympiads,olympiads,,8512
"Given nine points in space, no four of which are coplanar, find the minimal natural number \( n \) such that for any coloring with red or blue of \( n \) edges drawn between these nine points, there always exists a triangle having all edges of the same color.",33,Olympiads,olympiads,,18339
"Denis threw darts into four identical dartboards, with three darts thrown at each board. The scores he achieved on each dartboard are shown in the diagram. On the first board, he scored 30 points; on the second, 38 points; and on the third, 41 points. How many points did he score on the fourth board? (Each specific zone - ring or central field - awards a certain number of points.)",34,Olympiads,olympiads,,18363
"There are chips in a box. Tolya and Kolya were asked how many chips there are in the box. Tolya answered: ""Fewer than 7,"" and Kolya answered: ""Fewer than 5."" How many chips can be in the box if it is known that one of the answers is correct? Find all possible numbers of chips in the box and record their sum.",11,Olympiads,olympiads,,1382
"In a $100 \times 25$ rectangular table, each cell is filled with a non-negative real number such that the number in the $i$-th row and $j$-th column is denoted as $x_{i, j}$ for $i=1,2, \cdots, 100$ and $j=1,2, \cdots, 25$. After filling the table (referred to as Table 1), the numbers in each column are sorted in descending order to form a new table (referred to as Table 2), where the new values $x^{\prime}_{i, j}$ satisfy $x^{\prime}_{1, j} \geqslant x^{\prime}_{2, j} \geqslant \cdots \geqslant x^{\prime}_{100, j}$ for $j=1,2, \cdots, 25$.

Find the smallest natural number $k$ such that if the sums of the numbers in each row of Table 1 satisfy $\sum_{j=1}^{25} x_{i, j} \leqslant 1$ for $i=1,2, \cdots, 100$, then it is guaranteed that $\sum_{j=1}^{25} x^{\prime}_{i, j} \leqslant 1$ for all $i \geqslant k$ in Table 2.",97,Olympiads,olympiads,,16751
"Given an obtuse triangle \( \triangle ABC \) with the following conditions:
1. The lengths of \( AB \), \( BC \), and \( CA \) are positive integers.
2. The lengths of \( AB \), \( BC \), and \( CA \) do not exceed 50.
3. The lengths of \( AB \), \( BC \), and \( CA \) form an arithmetic sequence with a positive common difference.

Determine the number of obtuse triangles that satisfy the above conditions, and identify the side lengths of the obtuse triangle with the largest perimeter.",157,Olympiads,olympiads,,30599
Let \( Q = \log_{128} 2^3 + \log_{128} 2^5 + \log_{128} 2^7 + \ldots + \log_{128} 2^P \). Find the value of \( Q \).,329,Olympiads,olympiads,,10727
"In a plane, 100 points are marked. It turns out that 40 marked points lie on each of two different lines \( a \) and \( b \). What is the maximum number of marked points that can lie on a line that does not coincide with \( a \) or \( b \)?",23,Olympiads,olympiads,,711
"From the 2020 natural numbers 1 through 2020, what is the minimum number of distinct numbers that need to be selected to ensure that one of the selected numbers is 10 times another selected number?",1837,Olympiads,olympiads,,23230
"Master Boniface, a gingerbread maker, wanted to bring joy to as many children as possible, so he was constantly working when he was awake. If he slept too little, he worked drowsily. Sleeping too much made him feel sluggish, and he also had less time for work. He realized that the number of gingerbreads he could make per hour was proportional to the product of the duration of his sleep and wakefulness. How many hours per day should Master Boniface sleep in order to make the maximum number of gingerbreads?",16,Olympiads,olympiads,,8471
"Given any real numbers \( x_{0} > x_{1} > x_{2} > x_{3} > 0 \), to ensure that \( \log_{\frac{x_{0}}{x_{1}}} 1993 + \log_{\frac{x_{1}}{x_{2}}} 1993 + \log_{\frac{x_{2}}{x_{3}}} 1993 \geqslant k \log_{\frac{x_{0}}{x_{3}}} 1993 \) always holds, what is the maximum value of \( k \)?",9,Olympiads,olympiads,,29129
"Given the line \( ax + by + c = 0 \) where \( a, b, \) and \( c \) are three different elements chosen from the set \(\{ -3, -2, -1, 0, 1, 2, 3 \} \) and the angle of inclination of this line is acute, determine the number of such lines.",43,Olympiads,olympiads,,26872
There are 64 points arranged in an 8-row by 8-column grid. What is the minimum number of straight lines required to separate all the points?,14,Olympiads,olympiads,,21178
"We place planes through each edge and the midpoint of the edge opposite to it in a tetrahedron. Into how many parts do these planes divide the tetrahedron, and what are the volumes of these parts?",24,Olympiads,olympiads,,32435
"On graph paper, a right-angled triangle with legs of 7 units each is drawn. Then all the grid lines located inside the triangle were traced. What is the maximum number of triangles that can be found in this drawing?",28,Olympiads,olympiads,,28834
"How many ways are there to arrange 223 red flags and 4 blue flags in a row, such that not all 3 red flags are consecutive and not all 4 blue flags are consecutive?",28,Olympiads,olympiads,,27817
"As shown in the figure, positive integers starting from 1 are arranged in the following pattern, and an ""L"" shaped pattern consisting of 3 squares (which can be rotated) encloses three of these numbers (as shown in the figure, the sum of the enclosed three numbers is 10 + 11 + 18 = 39). If the sum of the three numbers enclosed by such an ""L"" shaped pattern is 2015, then the largest number among them is $\qquad$ .",676,Olympiads,olympiads,,18155
"A city has $n$ middle schools. The $i$th middle school sends $C_{i}$ students ($1 \leqslant C_{i} \leqslant 39, 1 \leqslant i \leqslant n$) to the stadium to watch a game. The total number of students is $\sum_{i=1}^{n} C_{i} = 1990$. Each row in the stands has 199 seats, and all students from the same school must sit in the same row. What is the minimum number of rows needed to ensure that all students can be seated?",12,Olympiads,olympiads,,1999
"How many pairs of integers $(x, y)$ satisfy the equation \(\sqrt{x-\sqrt{x+23}}=2\sqrt{2}-y\)?",1,Olympiads,olympiads,,2199
"Fill the empty cells in the following image with whole numbers greater than 1 so that each darker cell contains the product of the numbers in the adjacent lighter cells. 

Hint: Can the numbers in the unfilled white cells be arbitrary?",245025,Olympiads,olympiads,,15509
"A Christmas garland hanging along the school corridor consists of red and blue bulbs. Next to each red bulb, there is necessarily at least one blue bulb. What is the maximum number of red bulbs that can be in this garland if there are a total of 50 bulbs?",33,Olympiads,olympiads,,18129
"A magician has a set of \(12^2\) different cards. Each card has one red side and one blue side; on each card, a natural number from 1 to 12 is written on both sides. We call a card a duplicate if the numbers on both sides of the card match. The magician wants to draw two cards such that at least one of them is a duplicate and no number appears simultaneously on both drawn cards. In how many ways can he achieve this?",1386,Olympiads,olympiads,,27463
"In a triangle, the lengths of the three sides are integers \( l, m, n \), with \( l > m > n \). It is known that \( \left\{ \frac{3^{l}}{10^{4}} \right\} = \left\{ \frac{3^{m}}{10^{4}} \right\} = \left\{ \frac{3^{n}}{10^{4}} \right\} \), where \( \{x\} \) denotes the fractional part of \( x \) and \( [x] \) denotes the greatest integer less than or equal to \( x \). Determine the smallest possible value of the perimeter of such a triangle.",3003,Olympiads,olympiads,,17142
"There is a clock on the town hall tower that has a small door near the center of the dial used during maintenance. However, the door opens outward, which is impractical — for example, exactly at 12:09, the minute hand covers the door, and it cannot be opened until exactly 12:21.

How many minutes per day is the door not able to be opened?

(Remember that the door can also be covered by the hour hand; the entire door lies within the circle described by this hand.)",522,Olympiads,olympiads,,28160
"Consider an $8 \times 8 \times 8$ Rubik's cube where each face is painted a different color, and any layer can be turned. Let $X$ be a move that rotates the shaded layer (indicated by arrows going from the top to the right of the cube) clockwise by 90 degrees around the $X$ axis. Let $Y$ be a move that rotates another shaded layer (indicated by arrows going from the front to the top) clockwise by 90 degrees around the $Y$ axis. 

Define move $M$ as performing $X$ followed by $Y$. If the cube starts in solved form, what is the smallest number of repetitions of $M$ required for the cube to return to its original solved state?",28,Olympiads,olympiads,,24875
"On a circumference of 1956, what is the minimum number of points that must be selected such that each point has exactly one point at a distance of 1 and exactly one point at a distance of 2 (the distance between two points is measured by arc length)?",1304,Olympiads,olympiads,,11963
"Let triangle \( ABC \) be such that \( AB = AC = 22 \) and \( BC = 11 \). Point \( D \) is chosen in the interior of the triangle such that \( AD = 19 \) and \( \angle ABD + \angle ACD = 90^\circ \). The value of \( BD^2 + CD^2 \) can be expressed as \( \frac{a}{b} \), where \( a \) and \( b \) are relatively prime positive integers. Compute \( 100a + b \).",36104,Olympiads,olympiads,,8586
"Given a scalene triangle on a plane, Peter and Basil take turns performing the following operations: each round, Peter chooses a point on the plane, and Basil decides to color that point either red or blue. Peter wins if there exists a triangle similar to the original triangle with vertices all of the same color. Find the minimum number of rounds needed so that regardless of Basil's moves, Peter is guaranteed to win in a certain number of rounds (this value should be independent of the shape of the original triangle).",5,Olympiads,olympiads,,23483
"1994 students line up in a row. They count off from 1 to 3 from the front to the back of the line. Then, they count off from 1 to 4 from the back to the front of the line. How many people in the row count off as 1 in both counts?",166,Olympiads,olympiads,,1360
"Some numbers read the same from left to right and from right to left (e.g., 2772, 515). Such numbers are called ""palindromic numbers."" Given a two-digit number, when multiplied by 91, 93, 95, and 97 respectively, the products are all palindromic numbers. What is this two-digit number?",55,Olympiads,olympiads,,13946
"A construction company built a cottage village consisting of three identical streets. The houses in the village are identical according to the plan and are up for sale at the same price. The business plan of the company, which includes expenses for all stages of construction, contains an estimate of the total cost of the entire village.

It is known that the business plan includes the following expenses (total: for the entire village):

- Foundation - 150 million units
- Walls/roofing/floor structures - 105 million units
- Engineering communications (gas, water, electricity, fiber optic) - 225 million units
- Finishing works - 45 million units

Estimate the price at which each house in the village is sold, given that the markup of the construction company is 20 percent of the cost, and each stage of construction for one house according to the business plan is expressed as an integer million.",42,Olympiads,olympiads,,5638
"There are books on the table that need to be packed. If they are tied into equal bundles of 4, 5, or 6 books, each time there will be one book left over. However, if they are tied into bundles of 7 books, there will be no books left over. What is the smallest number of books that could be on the table?",301,Olympiads,olympiads,,25412
"If \(\alpha\), \(\beta\), and \(\gamma\) are the roots of the equation \(x^{3}-x-1=0\), find the value of
$$
\frac{1+\alpha}{1-\alpha} + \frac{1+\beta}{1-\beta} + \frac{1+\gamma}{1-\gamma}.
$$",-7,Olympiads,olympiads,,4755
"Define a positive integer \( n \) as a ""factorial tail"" if there exists a positive integer \( m \) such that the decimal representation of \( m! \) ends in exactly \( n \) zeros. How many positive integers less than 1992 are not ""factorial tails""?",396,Olympiads,olympiads,,20314
"Professor Raquel invented the following game: write a number on the board, if it is odd add 3 units to the number, and if it is even divide the number by 2.

This operation can be done several times. The professor is interested in obtaining the number 1 at the end and asked the class: How to obtain the number 1 after 3 operations? And after 4 operations? And after 5 operations?",13,Olympiads,olympiads,,27429
"Given that the plane vectors $\boldsymbol{\alpha}$ and $\boldsymbol{\beta}$ satisfy $|\boldsymbol{\alpha} + 2\boldsymbol{\beta}| = 3$ and $|2\boldsymbol{\alpha} + 3\boldsymbol{\beta}| = 4$, find the minimum value of $\boldsymbol{\alpha} \cdot \boldsymbol{\beta}$.",-170,Olympiads,olympiads,,12171
"The hypotenuse \(AB\) of a right triangle \(ABC\) is equal to 2 and is a chord of a certain circle. The leg \(AC\) is equal to 1 and lies within the circle, and its extension intersects the circle at point \(D\) with \(CD = 3\). Find the radius of the circle.",2,Olympiads,olympiads,,30647
"24 red balls and 11 white balls are arranged in a row, satisfying the following conditions: 
- Red balls are not adjacent.
- In any consecutive 7 balls, there is at least one red ball.

How many such arrangements are possible?",31,Olympiads,olympiads,,25171
"In triangle \( \triangle ABC \), point \( D \) is on side \( BC \). Given \( AB = 13 \), \( AD = 12 \), \( AC = 15 \), and \( BD = 5 \), find \( DC \).",9,Olympiads,olympiads,,32340
"A boy has no brothers, and his sister has as many brothers as she has sisters. How many brothers and sisters are there altogether?",3,Olympiads,olympiads,,19065
"Given two non-zero vectors \( \vec{a} \) and \( \vec{b} \) in the plane that are perpendicular to each other and \( |\vec{b}|=1 \), find the sum of all real numbers \( m \) such that the vectors \( \vec{a} + m \vec{b} \) and \( \vec{a} + (1-m) \vec{b} \) are perpendicular to each other.",1,Olympiads,olympiads,,15525
"Let \( a_{1}, a_{2}, \cdots, a_{n} \) be distinct positive integers such that \( a_{1} + a_{2} + \cdots + a_{n} = 2014 \), where \( n \) is some integer greater than 1. Let \( d \) be the greatest common divisor of \( a_{1}, a_{2}, \cdots, a_{n} \). For all values of \( n \) and \( a_{1}, a_{2}, \cdots, a_{n} \) that satisfy the above conditions, find the maximum value of \( n \cdot d \).",530,Olympiads,olympiads,,29816
"The sequence \(\left\{a_{n}\right\}\) is defined as \(a_{1}=R\) and \(a_{n+1}=a_{n}+2n\) for \(n \geq 1\). If \(a_{100}=S\), find the value of \(S\).",9902,Olympiads,olympiads,,11851
"What is the minimum number of straight cuts required to divide a $5 \times 5$ square into unit squares, given that after each cut the resulting pieces can be rearranged arbitrarily before making the next cut, allowing multiple pieces to be cut simultaneously?",6,Olympiads,olympiads,,8659
"In the given figure, the diameter \( AB \) of the circle has a length that is a two-digit integer in decimal form. Reversing the digits of this integer gives the length of the chord \( CD \), which is perpendicular to the diameter \( AB \). The distance from the intersection point \( H \) to the center of the circle \( O \) is a positive rational number. Determine the length of \( AB \).",65,Olympiads,olympiads,,1912
"The real numbers \( x_{1}, x_{2}, \cdots, x_{2001} \) satisfy \( \sum_{k=1}^{2000}\left|x_{k}-x_{k+1}\right| = 2001 \). Let \( y_{k} = \frac{1}{k} \left( x_{1} + x_{2} + \cdots + x_{k} \right) \) for \( k = 1, 2, \cdots, 2001 \). Find the maximum possible value of \( \sum_{k=1}^{2000} \left| y_{k} - y_{k+1} \right| \).",2000,Olympiads,olympiads,,18213
A $4 \times 4$ chessboard consists of 16 squares. Eight of these squares are colored red such that each row and each column contains exactly 2 red squares. How many different ways can this coloring be done?,90,Olympiads,olympiads,,26461
"Find the smallest positive integer \( n \) such that the set \( \{1, 2, 3, \cdots, 3n-1, 3n\} \) can be divided into \( n \) disjoint triples \( \{x, y, z\} \) where \( x + y = 3z \).",5,Olympiads,olympiads,,18481
"In the plane, there are \( n \) lines such that every pair of lines intersects, but no four lines pass through a single point. There are a total of 16 intersection points, and 6 of these points are intersections of three lines each. Find the value of \( n \).",8,Olympiads,olympiads,,11294
"In Figure 1, an isosceles right triangle $DEF$ has its hypotenuse on the hypotenuse of another isosceles right triangle $ABC$. Connecting points $A$ to $E$, $A$ to $D$, and $A$ to $F$ divides the entire shape into five smaller triangles. In Figure 2, the areas of three of these smaller triangles are labeled. What is the area of triangle $\triangle ABC$? $\qquad$",36,Olympiads,olympiads,,24478
"Place the numbers $6, 7, 8, 9, 52, 100$ (you must use all the numbers) instead of the dots $(\bullet)$, and some arithmetic operations from the set $\{+, -, \times, \div\}$ instead of the stars ($*$) in such a way to make a valid equation. If needed, parentheses can be used.",623,Olympiads,olympiads,,476
"In the figure below, how many ways are there to select 5 bricks, one in each row, such that any two bricks in adjacent rows are adjacent?",259,Olympiads,olympiads,,16668
"Let \( r = \frac{p}{q} \in (0, 1) \) be a rational number where \( p \) and \( q \) are coprime positive integers, and \( p \cdot q \) divides 3600. How many such rational numbers \( r \) are there?",112,Olympiads,olympiads,,7378
"In a company, several employees earn a total monthly salary of $10,000. A kind manager proposes to triple the salaries of those earning up to $500 and increase the salaries of the others by $1,000, making the total salary $24,000. An unkind manager proposes to reduce the salaries of those earning more than $500 to $500, while keeping the others' salaries unchanged. What will the total salary be in this case?",7000,Olympiads,olympiads,,30048
There are \( R \) zeros at the end of \(\underbrace{99\ldots9}_{2009 \text{ of }} \times \underbrace{99\ldots9}_{2009 \text{ of } 9 \text{'s}} + 1 \underbrace{99\ldots9}_{2009 \text{ of } 9 \text{'s}}\). Find the value of \( R \).,4018,Olympiads,olympiads,,1142
How many different ways can 30 workers be divided into 3 teams of 10 people each?,2775498395670,Olympiads,olympiads,,5856
"As shown in the figure, a square piece of paper $ABCD$ is cut along the diagonal $BD$ into two triangles. In the first step, triangle $ABD$ is translated vertically downward by 3 centimeters to triangle $EFG$. In the second step, triangle $EFG$ is translated vertically downward by 5 centimeters to triangle $HIJ$. The overlapping area of the two pieces of paper after the first step is equal to the overlapping area after the second step. What is the area of the square piece of paper $ABCD$?",121,Olympiads,olympiads,,24686
"There are 6 visually identical coins, 4 of which are genuine and of the same mass, and 2 are counterfeit, which are lighter and also weigh the same. What is the minimum number of weighings required on a balance scale without weights to identify both counterfeit coins?",3,Olympiads,olympiads,,25542
"Given the set \( A \) formed by exponential functions, there are 10 odd functions, 8 increasing functions defined on \((-\infty, \infty)\), and 12 functions whose graphs pass through the origin. Determine the minimum number of elements in set \( A \).",14,Olympiads,olympiads,,1120
Find the number of all natural numbers where each subsequent digit is less than the previous one.,1013,Olympiads,olympiads,,246
"A rubber band is 4 inches long. An ant begins at the left end. Every minute, the ant walks one inch rightwards along the rubber band, but then the band is stretched uniformly by one inch. For what value of \( n \) will the ant reach the right end during the \( n \)-th minute?",7,Olympiads,olympiads,,7116
"In a game, two players take turns removing cells from a $5 \times 7$ grid. To remove a cell, a player selects an uneaten cell, places a piece on that cell, and then all cells in the ""first quadrant"" (the right-angled region created with the lower-left corner of that cell extending upwards and to the right) are removed. For example, placing a piece on a shaded cell in the right image will remove the 4 cells marked with $\times$ along with the shaded cell itself, where the cells represented by dotted lines were removed earlier. The goal of the game is to force the opponent to remove the last cell. How many different possible situations can appear during the entire course of the game?",792,Olympiads,olympiads,,87
"Using the numbers \(1, 2, 3, 4, 5, 6\), form a six-digit number \(ABCDEF\) such that:
- \(A\) is divisible by 1,
- \(AB\) is divisible by 2,
- \(ABC\) is divisible by 3,
- \(ABCD\) is divisible by 4,
- \(ABCDE\) is divisible by 5,
- \(ABCDEF\) is divisible by 6.

Find the greatest value of \(A\).",3,Olympiads,olympiads,,22295
"There were 12 seats prepared for the jury at a round table, each with a name indicated on it. Nikolai Nikolaevich, who arrived first, absent-mindedly sat not in his designated seat but in the next one clockwise. Each jury member arriving at the table afterward would either sit in their designated seat, or, if it was already occupied, they would walk around the table clockwise and sit in the next available seat. The resulting seating arrangement of the jury members depends on the order in which they approached the table. How many different ways can the jury be seated?",1024,Olympiads,olympiads,,22
The square of a natural number \( a \) when divided by a natural number \( n \) gives a remainder of 8. The cube of \( a \) when divided by \( n \) gives a remainder of 25. Find \( n \).,113,Olympiads,olympiads,,29732
"What is the smallest number of weights in a set that can be divided into 3, 4, and 5 piles of equal mass?",9,Olympiads,olympiads,,28314
"If \(x\), \(y\), and \(z\) are distinct positive integers such that \(x^2 + y^2 = z^3\), what is the smallest possible value of \(x + y + z\)?",18,Olympiads,olympiads,,28931
Let \( x \) and \( y \) be positive integers such that \( \frac{100}{151} < \frac{y}{x} < \frac{200}{251} \). What is the minimum value of \( x \) ?,3,Olympiads,olympiads,,20242
Someone wants to group all possible lottery draw results based on the second largest number. Which group will have the most draws?,23,Olympiads,olympiads,,18341
"Let \( M = \{1, 2, \cdots, 10\} \) and let \( T \) be a collection of certain two-element subsets of \( M \), such that for any two different elements \(\{a, b\} \) and \(\{x, y\} \) in \( T \), the condition \( 11 \nmid (ax + by)(ay + bx) \) is satisfied. 

Find the maximum number of elements in \( T \).",25,Olympiads,olympiads,,25209
\(\log_{4} \log_{2} x + \log_{2} \log_{4} x = 2\).,16,Olympiads,olympiads,,3827
