arm,iteration,accuracy,lambda,target,accuracy_answerable,truncated_fraction,all_truncated_group_fraction,accuracy_mixed_group_fraction,median_tokens,p90_tokens,mean_truncated_reward
k100,0,0.8671875,0.5,0.6938,0.8629032258064516,0.01171875,0,0.1875,634.5,2093,0.1524633589424509
k100,1,0.77734375,0.36992187500000007,0.6938,0.7931034482758621,0.0,0,0.40625,894.5,4155,
k100,2,0.71484375,0.26005859375000023,0.6938,0.7222222222222222,0.0,0,0.375,778.5,3953,
k100,3,0.7734375,0.1784082031250004,0.6938,0.8035714285714286,0.00390625,0,0.28125,667.0,3335,0.0
k100,4,0.75390625,0.1033232421875005,0.6938,0.7375,0.01953125,0,0.3125,780.0,4631,0.6524236965447667
k100,5,0.8203125,0.03722861328125063,0.6938,0.8269230769230769,0.0,0,0.3125,713.0,2496,
k100,6,0.79296875,0.0,0.6938,0.78125,0.00390625,0,0.4375,927.5,3712,0.0
k100,7,0.90234375,0.0,0.6938,0.896551724137931,0.0,0,0.34375,893.5,3550,
k100,8,0.85546875,0.0,0.6938,0.853448275862069,0.0,0,0.34375,599.0,3861,
k100,9,0.75390625,0.0,0.6938,0.7453703703703703,0.0,0,0.3125,851.0,2988,
k100,10,0.7421875,0.0,0.6938,0.7541666666666667,0.0078125,0,0.375,596.0,4105,0.0
k100,11,0.8515625,0.0,0.6938,0.8362068965517241,0.0,0,0.3125,856.0,3302,
k100,12,0.765625,0.0,0.6938,0.8101851851851852,0.0,0,0.40625,743.5,3520,
k100,13,0.87109375,0.0,0.6938,0.859375,0.0,0,0.5625,833.5,2821,
k100,14,0.90625,0.0,0.6938,0.9134615384615384,0.0,0,0.375,523.0,1925,
k100,15,0.80078125,0.0,0.6938,0.8482142857142857,0.0,0,0.4375,1009.5,3441,
k100,16,0.79296875,0.0,0.6938,0.8148148148148148,0.0,0,0.3125,771.0,3739,
k100,17,0.828125,0.0,0.6938,0.9,0.0,0,0.34375,683.0,2819,
k100,18,0.86328125,0.0,0.6938,0.875,0.0,0,0.34375,654.5,2397,
k100,19,0.91796875,0.0,0.6938,0.9193548387096774,0.0,0,0.40625,830.0,2871,
k100,20,0.90234375,0.0,0.6938,0.8942307692307693,0.0,0,0.28125,616.5,2811,
k100,21,0.77734375,0.0,0.6938,0.771551724137931,0.0,0,0.4375,1048.5,4311,
k100,22,0.86328125,0.0,0.6938,0.9423076923076923,0.0,0,0.3125,633.5,2623,
k100,23,0.8828125,0.0,0.6938,0.8928571428571429,0.0,0,0.40625,725.5,2751,
k100,24,0.76953125,0.0,0.6938,0.8369565217391305,0.0,0,0.5,846.0,3271,
k100,25,0.68359375,0.0,0.6938,0.6637931034482759,0.0,0,0.59375,838.0,3828,
k100,26,0.7578125,0.0,0.6938,0.782608695652174,0.015625,0,0.375,697.0,3584,0.004596959265633965
k100,27,0.828125,0.0,0.6938,0.8194444444444444,0.0,0,0.375,915.5,2806,
k100,28,0.8203125,0.0,0.6938,0.8125,0.0,0,0.25,579.0,3128,
k100,29,0.78125,0.0,0.6938,0.7833333333333333,0.0,0,0.28125,877.0,4264,
k100,30,0.859375,0.0,0.6938,0.8491379310344828,0.0078125,0,0.3125,898.5,2795,0.5
k100,31,0.828125,0.0,0.6938,0.8194444444444444,0.0,0,0.4375,715.5,3702,
k100,32,0.78515625,0.0,0.6938,0.7991071428571429,0.01171875,0,0.4375,969.5,4685,0.0
k100,33,0.78515625,0.0,0.6938,0.83,0.00390625,0,0.34375,643.5,2835,0.06184714811753213
k100,34,0.80859375,0.0,0.6938,0.80859375,0.0,0,0.40625,925.0,4607,
k100,35,0.7421875,0.0,0.6938,0.7222222222222222,0.0,0,0.40625,898.5,3840,
k100,36,0.8671875,0.0,0.6938,0.8577586206896551,0.0,0,0.28125,790.0,3613,
k100,37,0.72265625,0.0,0.6938,0.705,0.0078125,0,0.375,998.5,4235,0.5
k100,38,0.78125,0.0,0.6938,0.7644230769230769,0.0078125,0,0.46875,875.5,4123,0.25
k100,39,0.859375,0.0,0.6938,0.8657407407407407,0.0,0,0.21875,710.5,3066,
k100,40,0.75,0.0,0.6938,0.775,0.0078125,0,0.28125,621.5,4034,0.2654318096295969
k100,41,0.89453125,0.0,0.6938,0.8942307692307693,0.0,0,0.375,714.5,2283,
k100,42,0.7109375,0.0,0.6938,0.765625,0.00390625,0,0.375,1002.5,4599,0.0
k100,43,0.75,0.0,0.6938,0.7629310344827587,0.0,0,0.375,971.0,3227,
k100,44,0.765625,0.0,0.6938,0.7644230769230769,0.0078125,0,0.4375,665.0,3577,0.3976851499494014
k100,45,0.76171875,0.0,0.6938,0.8080357142857143,0.0,0,0.375,932.0,2723,
k100,46,0.80078125,0.0,0.6938,0.7974137931034483,0.0,0,0.53125,948.5,3482,
k100,47,0.8203125,0.0,0.6938,0.8208333333333333,0.0,0,0.28125,641.0,3583,
k100,48,0.87890625,0.0,0.6938,0.9330357142857143,0.0,0,0.28125,777.0,2696,
k100,49,0.75,0.0,0.6938,0.7407407407407407,0.0,0,0.53125,1131.0,3928,
k100,50,0.796875,0.0,0.6938,0.8482142857142857,0.0,0,0.53125,882.5,3530,
k100,51,0.83203125,0.0,0.6938,0.8101851851851852,0.0,0,0.375,804.5,2927,
k100,52,0.8828125,0.0,0.6938,0.8879310344827587,0.00390625,0,0.34375,836.0,2980,0.0
k100,53,0.80859375,0.0,0.6938,0.7932692307692307,0.0,0,0.46875,731.0,3305,
k100,54,0.828125,0.0,0.6938,0.8625,0.0078125,0,0.28125,803.0,3860,0.0
k100,55,0.8046875,0.0,0.6938,0.765,0.0,0,0.3125,576.0,3874,
k100,56,0.77734375,0.0,0.6938,0.7767857142857143,0.00390625,0,0.3125,780.0,3725,0.22061888728555396
k100,57,0.8203125,0.0,0.6938,0.8333333333333334,0.00390625,0,0.40625,667.5,2940,0.0
k100,58,0.7578125,0.0,0.6938,0.7887931034482759,0.00390625,0,0.5,919.0,3966,0.31345715216682957
k100,59,0.80859375,0.0,0.6938,0.8461538461538461,0.0,0,0.34375,928.5,3365,
k100,60,0.7421875,0.0,0.6938,0.7723214285714286,0.0,0,0.5,940.0,3921,
k100,61,0.8359375,0.0,0.6938,0.8616071428571429,0.0,0,0.28125,608.0,2899,
k100,62,0.84375,0.0,0.6938,0.8392857142857143,0.0,0,0.28125,766.0,3109,
k100,63,0.703125,0.0,0.6938,0.725,0.0,0,0.40625,1189.5,4006,
k100,64,0.80859375,0.0,0.6938,0.859375,0.0,0,0.4375,717.5,2679,
k100,65,0.80859375,0.0,0.6938,0.8214285714285714,0.00390625,0,0.4375,655.5,2264,0.0
k100,66,0.76171875,0.0,0.6938,0.765,0.0078125,0,0.46875,759.0,3117,0.005219638242894057
k100,67,0.7265625,0.0,0.6938,0.7901785714285714,0.00390625,0,0.4375,905.5,5085,0.5
k100,68,0.71484375,0.0,0.6938,0.68,0.00390625,0,0.34375,1212.0,4361,0.0
k100,69,0.7578125,0.0,0.6938,0.7580645161290323,0.0,0,0.46875,1176.0,3997,
k100,70,0.80078125,0.0,0.6938,0.8317307692307693,0.00390625,0,0.1875,635.5,2801,0.0027127839945744322
k100,71,0.796875,0.0,0.6938,0.8041666666666667,0.0,0,0.46875,658.0,3064,
k100,72,0.80859375,0.0,0.6938,0.7771739130434783,0.0,0,0.375,606.5,2446,
k100,73,0.82421875,0.0,0.6938,0.82421875,0.00390625,0,0.28125,701.5,3514,0.0
k100,74,0.78125,0.0,0.6938,0.7782258064516129,0.00390625,0,0.4375,792.0,4110,0.026863061965189287
k100,75,0.80859375,0.0,0.6938,0.8295454545454546,0.0,0,0.3125,810.0,2688,
k100,76,0.82421875,0.0,0.6938,0.8467741935483871,0.01171875,0,0.375,985.0,3393,0.3333333333333333
k100,77,0.73828125,0.0,0.6938,0.775,0.0,0,0.59375,911.0,3281,
k100,78,0.74609375,0.0,0.6938,0.8260869565217391,0.00390625,0,0.5,847.0,2814,0.2534920998397069
k100,79,0.8203125,0.0,0.6938,0.8333333333333334,0.00390625,0,0.34375,665.5,3907,0.0
k100,80,0.74609375,0.0,0.6938,0.7379032258064516,0.0,0,0.375,1238.0,3837,
k100,81,0.85546875,0.0,0.6938,0.8448275862068966,0.0,0,0.375,950.0,3815,
k100,82,0.796875,0.0,0.6938,0.8166666666666667,0.0078125,0,0.3125,861.0,3292,0.6621033500815674
k100,83,0.86328125,0.0,0.6938,0.8663793103448276,0.0,0,0.34375,746.0,2810,
k100,84,0.87109375,0.0,0.6938,0.8842592592592593,0.00390625,0,0.34375,669.5,3299,0.9497247409326425
k100,85,0.71875,0.0,0.6938,0.7543103448275862,0.00390625,0,0.375,670.0,4164,0.056635877491492466
k100,86,0.75390625,0.0,0.6938,0.7962962962962963,0.0,0,0.375,1034.5,3393,
k100,87,0.77734375,0.0,0.6938,0.7692307692307693,0.0,0,0.40625,715.5,2384,
k100,88,0.75390625,0.0,0.6938,0.7777777777777778,0.0,0,0.34375,950.5,3497,
k100,89,0.78515625,0.0,0.6938,0.7801724137931034,0.01171875,0,0.5625,1094.5,4142,0.0
k100,90,0.828125,0.0,0.6938,0.8125,0.0,0,0.34375,772.0,2685,
k100,91,0.6875,0.0,0.6938,0.6724137931034483,0.0,0,0.46875,1266.0,4161,
k100,92,0.83984375,0.0,0.6938,0.8611111111111112,0.0,0,0.40625,636.0,3036,
k100,93,0.6953125,0.0,0.6938,0.6651785714285714,0.0078125,0,0.40625,897.0,3886,0.1799324650265316
k100,94,0.76171875,0.0,0.6938,0.7678571428571429,0.0,0,0.375,943.0,2927,
k100,95,0.6640625,0.0,0.6938,0.6346153846153846,0.00390625,0,0.53125,1038.5,3680,0.9342726639312534
k100,96,0.81640625,0.0,0.6938,0.8103448275862069,0.0,0,0.21875,726.0,3568,
k100,97,0.828125,0.0,0.6938,0.8318965517241379,0.01171875,0,0.25,623.0,2698,0.3173345759552656
k100,98,0.75,0.0,0.6938,0.8214285714285714,0.0,0,0.5,925.5,2589,
k100,99,0.63671875,0.0,0.6938,0.6607142857142857,0.00390625,0,0.375,1372.5,5170,0.0
k100,100,0.77734375,0.0,0.6938,0.7731481481481481,0.00390625,0,0.28125,833.0,3319,0.5
k100,101,0.72265625,0.0,0.6938,0.7458333333333333,0.0,0,0.4375,981.5,3700,
k100,102,0.8203125,0.0,0.6938,0.8269230769230769,0.015625,0,0.375,896.0,3294,0.0
k100,103,0.7265625,0.0,0.6938,0.7934782608695652,0.0,0,0.40625,972.0,3337,
k100,104,0.71875,0.0,0.6938,0.6830357142857143,0.00390625,0,0.40625,1018.0,4734,0.03846999340514399
k100,105,0.80078125,0.0,0.6938,0.8416666666666667,0.0,0,0.34375,613.0,2735,
k100,106,0.734375,0.0,0.6938,0.725,0.01171875,0,0.4375,689.0,3554,0.3082323703013358
k100,107,0.86328125,0.0,0.6938,0.8518518518518519,0.0,0,0.28125,512.5,3095,
k100,108,0.79296875,0.0,0.6938,0.8221153846153846,0.0,0,0.40625,922.5,2988,
k100,109,0.71875,0.0,0.6938,0.728448275862069,0.0,0,0.375,776.5,2537,
k100,110,0.75390625,0.0,0.6938,0.8076923076923077,0.00390625,0,0.5,806.5,3560,0.05037915105029199
k100,111,0.84375,0.0,0.6938,0.8653846153846154,0.0,0,0.3125,668.0,3898,
k100,112,0.83984375,0.0,0.6938,0.82,0.0,0,0.375,703.5,2579,
k100,113,0.6875,0.0,0.6938,0.6853448275862069,0.00390625,0,0.4375,936.5,3547,0.9576461769115442
k100,114,0.80078125,0.0,0.6938,0.8258928571428571,0.0078125,0,0.4375,697.5,3570,0.0
k100,115,0.85546875,0.0,0.6938,0.8660714285714286,0.0,0,0.4375,852.5,2752,
k100,116,0.79296875,0.0,0.6938,0.8125,0.00390625,0,0.4375,847.0,3158,0.0
k100,117,0.82421875,0.0,0.6938,0.8392857142857143,0.0,0,0.5,885.5,4291,
k100,118,0.6484375,0.0,0.6938,0.7129629629629629,0.0,0,0.34375,864.0,3985,
k100,119,0.65234375,0.0,0.6938,0.6510416666666666,0.00390625,0,0.34375,1056.0,4580,0.9471153846153846
k100,120,0.73828125,0.0,0.6938,0.795,0.0,0,0.4375,1149.0,3861,
k100,121,0.703125,0.0,0.6938,0.7053571428571429,0.0078125,0,0.4375,1121.0,4421,0.5
k100,122,0.80078125,0.0,0.6938,0.8509615384615384,0.0,0,0.28125,697.0,2625,
k100,123,0.8671875,0.0,0.6938,0.8629032258064516,0.0078125,0,0.375,891.0,4296,0.25
k100,124,0.7578125,0.0,0.6938,0.7578125,0.0,0,0.28125,910.5,3695,
k100,125,0.76953125,0.0,0.6938,0.8557692307692307,0.0,0,0.28125,842.5,3217,
k100,126,0.75390625,0.0,0.6938,0.7546296296296297,0.0,0,0.4375,802.5,3867,
k100,127,0.6328125,0.0,0.6938,0.625,0.00390625,0,0.4375,1248.5,5095,0.9671596983232043
k100,128,0.765625,0.0,0.6938,0.8269230769230769,0.0,0,0.28125,825.5,3285,
k100,129,0.625,0.0,0.6938,0.5648148148148148,0.00390625,0,0.375,874.5,4677,0.9626042908224076
k100,130,0.81640625,0.0,0.6938,0.8802083333333334,0.0,0,0.4375,566.0,2407,
k100,131,0.75390625,0.0,0.6938,0.735,0.0,0,0.40625,786.5,2893,
k100,132,0.71875,0.0,0.6938,0.7025862068965517,0.0,0,0.5625,1060.0,3832,
k100,133,0.734375,0.0,0.6938,0.7222222222222222,0.0,0,0.5,1046.0,3184,
k100,134,0.74609375,0.0,0.6938,0.765,0.0,0,0.53125,958.0,3649,
k100,135,0.79296875,0.0,0.6938,0.8333333333333334,0.0,0,0.34375,793.5,3530,
k100,136,0.71875,0.0,0.6938,0.6964285714285714,0.01171875,0,0.40625,1119.5,4320,0.5
k100,137,0.83984375,0.0,0.6938,0.8666666666666667,0.0,0,0.375,739.0,3186,
k100,138,0.70703125,0.0,0.6938,0.7129629629629629,0.0,0,0.5625,1150.0,3073,
k100,139,0.8359375,0.0,0.6938,0.8571428571428571,0.0,0,0.34375,712.5,3418,
k100,140,0.80859375,0.0,0.6938,0.825,0.0,0,0.375,748.0,2934,
k100,141,0.765625,0.0,0.6938,0.7731481481481481,0.0,0,0.375,970.5,3078,
k100,142,0.67578125,0.0,0.6938,0.71875,0.00390625,0,0.5,881.5,3542,0.0
k100,143,0.83203125,0.0,0.6938,0.8189655172413793,0.0,0,0.21875,512.0,2702,
k100,144,0.62890625,0.0,0.6938,0.6712962962962963,0.0,0,0.59375,1290.0,3828,
k100,145,0.73046875,0.0,0.6938,0.7163461538461539,0.0,0,0.40625,954.5,4215,
k100,146,0.71875,0.0,0.6938,0.7125,0.00390625,0,0.375,755.5,3568,0.0
k100,147,0.6796875,0.0,0.6938,0.75,0.0,0,0.5625,924.5,3818,
k100,148,0.72265625,0.0,0.6938,0.735,0.0,0,0.53125,920.0,3762,
k100,149,0.82421875,0.0,0.6938,0.82421875,0.0,0,0.375,934.0,3022,
k100,150,0.83203125,0.0,0.6938,0.825,0.0,0,0.5,882.0,2950,
k100,151,0.8046875,0.0,0.6938,0.8269230769230769,0.0,0,0.40625,725.5,3243,
k100,152,0.6796875,0.0,0.6938,0.6964285714285714,0.0,0,0.40625,751.0,3367,
k100,153,0.75390625,0.0,0.6938,0.7370689655172413,0.0,0,0.5,830.0,3882,
k100,154,0.7265625,0.0,0.6938,0.8240740740740741,0.0,0,0.5,1044.5,3180,
k100,155,0.765625,0.0,0.6938,0.7758620689655172,0.0078125,0,0.4375,886.5,3750,0.05594155663735644
k100,156,0.72265625,0.0,0.6938,0.7413793103448276,0.0,0,0.53125,1034.0,3418,
k100,157,0.6875,0.0,0.6938,0.7314814814814815,0.0,0,0.5625,1060.5,4117,
k100,158,0.83203125,0.0,0.6938,0.8935185185185185,0.0,0,0.34375,685.0,3203,
k100,159,0.73828125,0.0,0.6938,0.7740384615384616,0.0,0,0.5,1052.5,3580,
k100,160,0.82421875,0.0,0.6938,0.8291666666666667,0.0,0,0.34375,932.0,3061,
k100,161,0.765625,0.0,0.6938,0.7884615384615384,0.0,0,0.53125,932.5,2677,
k100,162,0.65625,0.0,0.6938,0.6785714285714286,0.0,0,0.5,879.0,3878,
k100,163,0.73828125,0.0,0.6938,0.8103448275862069,0.0,0,0.3125,832.0,3751,
k100,164,0.7265625,0.0,0.6938,0.7366071428571429,0.0078125,0,0.34375,852.5,3170,0.05303247736727772
k100,165,0.796875,0.0,0.6938,0.8028846153846154,0.0,0,0.53125,785.5,3391,
k100,166,0.70703125,0.0,0.6938,0.75,0.0,0,0.5,886.5,3405,
k100,167,0.76953125,0.0,0.6938,0.7546296296296297,0.00390625,0,0.40625,1034.5,4700,0.17801047120418848
k100,168,0.74609375,0.0,0.6938,0.7791666666666667,0.0,0,0.34375,894.5,3040,
k100,169,0.90234375,0.0,0.6938,0.9032258064516129,0.0,0,0.34375,731.0,1895,
k100,170,0.83984375,0.0,0.6938,0.83984375,0.0,0,0.4375,841.0,2781,
k100,171,0.734375,0.0,0.6938,0.7459677419354839,0.0,0,0.53125,1131.0,3498,
k100,172,0.72265625,0.0,0.6938,0.728448275862069,0.0078125,0,0.40625,759.0,4390,0.06757728253055356
k100,173,0.7265625,0.0,0.6938,0.7336956521739131,0.0,0,0.625,847.0,2766,
k100,174,0.7734375,0.0,0.6938,0.81,0.0,0,0.375,848.5,3379,
k100,175,0.7890625,0.0,0.6938,0.8080357142857143,0.0,0,0.46875,748.5,3009,
k100,176,0.703125,0.0,0.6938,0.7592592592592593,0.0078125,0,0.5,725.5,3838,0.016926303175554224
k100,177,0.70703125,0.0,0.6938,0.7546296296296297,0.0,0,0.4375,989.0,2818,
k100,178,0.7265625,0.0,0.6938,0.7672413793103449,0.0,0,0.375,966.5,3491,
k100,179,0.76953125,0.0,0.6938,0.782258064516129,0.00390625,0,0.53125,1098.0,4551,0.059569247546346786
k100,180,0.765625,0.0,0.6938,0.7361111111111112,0.0,0,0.34375,943.0,3950,
k100,181,0.64453125,0.0,0.6938,0.6291666666666667,0.00390625,0,0.625,1368.0,6035,0.9550552178751819
k100,182,0.7578125,0.0,0.6938,0.8020833333333334,0.0,0,0.3125,777.0,2838,
k100,183,0.58984375,0.0,0.6938,0.625,0.00390625,0,0.34375,976.5,4221,0.0
k100,184,0.73046875,0.004093965305345393,0.6938,0.8221153846153846,0.00390625,0,0.40625,740.5,3809,0.0
k100,185,0.734375,0.0,0.6938,0.7543103448275862,0.01953125,0,0.5,802.0,3585,0.1961721686608102
k100,186,0.7734375,0.0,0.6938,0.8017241379310345,0.0,0,0.46875,1043.5,4355,
k100,187,0.7578125,0.0,0.6938,0.7887931034482759,0.0,0,0.46875,753.0,3713,
k100,188,0.7578125,0.0,0.6938,0.7321428571428571,0.0,0,0.40625,790.5,3244,
k100,189,0.73828125,0.0,0.6938,0.7455357142857143,0.0,0,0.5625,1007.5,4221,
k100,190,0.70703125,0.0,0.6938,0.6923076923076923,0.0,0,0.53125,824.0,3329,
k100,191,0.77734375,0.0,0.6938,0.75,0.00390625,0,0.46875,1113.5,4534,0.5
k100,192,0.8203125,0.0,0.6938,0.8379629629629629,0.0,0,0.28125,613.0,2666,
k100,193,0.734375,0.0,0.6938,0.728448275862069,0.0,0,0.25,777.5,3522,
k100,194,0.6796875,0.0,0.6938,0.6826923076923077,0.00390625,0,0.53125,827.5,4301,0.5
k100,195,0.76953125,0.0,0.6938,0.81,0.00390625,0,0.4375,908.5,3185,0.0
k100,196,0.78125,0.0,0.6938,0.7916666666666666,0.0,0,0.4375,750.5,2584,
k100,197,0.7890625,0.0,0.6938,0.7974137931034483,0.0,0,0.3125,866.0,2788,
k100,198,0.859375,0.0,0.6938,0.8491379310344828,0.0,0,0.21875,815.5,3442,
k100,199,0.80078125,0.0,0.6938,0.8317307692307693,0.0,0,0.5,495.0,2199,
k100,200,0.64453125,0.0,0.6938,0.6032608695652174,0.0,0,0.5625,992.5,3628,
k100,201,0.73828125,0.0,0.6938,0.7592592592592593,0.0,0,0.53125,815.0,3295,
k100,202,0.68359375,0.0,0.6938,0.6785714285714286,0.00390625,0,0.46875,798.0,3979,0.0
k100,203,0.61328125,0.0,0.6938,0.6339285714285714,0.0,0,0.4375,1139.0,3669,
k100,204,0.73046875,0.0002288764764858675,0.6938,0.775,0.0,0,0.53125,1028.0,2523,
k100,205,0.6640625,0.0,0.6938,0.640625,0.0,0,0.40625,865.0,3081,
k100,206,0.76953125,0.0010277588484781386,0.6938,0.8020833333333334,0.0,0,0.375,818.5,3294,
k100,207,0.75390625,0.0,0.6938,0.8425925925925926,0.0,0,0.4375,912.0,2758,
k100,208,0.78125,0.0,0.6938,0.7946428571428571,0.0,0,0.5,1121.5,3266,
k100,209,0.703125,0.0,0.6938,0.7232142857142857,0.0,0,0.59375,889.5,3293,
k100,210,0.73046875,0.0,0.6938,0.7291666666666666,0.0,0,0.40625,783.5,3105,
k100,211,0.7734375,0.0,0.6938,0.8125,0.0,0,0.40625,814.0,3797,
k100,212,0.8203125,0.0,0.6938,0.8291666666666667,0.0,0,0.375,814.5,2254,
k100,213,0.73046875,0.0,0.6938,0.7625,0.0,0,0.375,822.5,2758,
k100,214,0.6328125,0.0,0.6938,0.6481481481481481,0.0,0,0.5,1063.0,4060,
k100,215,0.65625,0.0,0.6938,0.7037037037037037,0.0,0,0.5,917.0,3112,
k100,216,0.67578125,0.0,0.6938,0.6741071428571429,0.0,0,0.40625,815.0,4115,
k100,217,0.78125,0.0007317450208347842,0.6938,0.8348214285714286,0.01171875,0,0.21875,784.5,3016,0.3437826541274817
k100,218,0.66015625,0.0,0.6938,0.6666666666666666,0.0,0,0.40625,883.0,3030,
k100,219,0.70703125,0.0,0.6938,0.7222222222222222,0.0,0,0.4375,1047.0,3186,
k100,220,0.55859375,0.0,0.6938,0.535,0.0,0,0.5625,1024.0,3922,
k100,221,0.73828125,0.025473446042002496,0.6938,0.7222222222222222,0.00390625,0,0.53125,787.5,2733,0.11658653846153846
k100,222,0.69921875,0.03329657702140426,0.6938,0.7053571428571429,0.0078125,0,0.5,689.0,3038,0.0
k100,223,0.6015625,0.037553549956985566,0.6938,0.6018518518518519,0.00390625,0,0.53125,840.0,3813,0.11118421052631579
k100,224,0.6484375,0.06128686851189252,0.6938,0.65,0.0,0,0.5,1176.5,3343,
k100,225,0.734375,0.08810675400032747,0.6938,0.7451923076923077,0.01171875,0,0.4375,707.5,3254,0.0
k100,226,0.7109375,0.09775129884223199,0.6938,0.8009259259259259,0.0,0,0.375,955.5,2953,
k100,227,0.75390625,0.1006465427315652,0.6938,0.8009259259259259,0.0,0,0.40625,592.5,2188,
k100,228,0.52734375,0.08914930720409844,0.6938,0.5384615384615384,0.00390625,0,0.65625,1064.0,3355,0.24826789838337182
k100,229,0.63671875,0.11855389858487178,0.6938,0.646551724137931,0.0,0,0.4375,773.0,3080,
k100,230,0.50390625,0.15198039380141318,0.6938,0.46,0.0,0,0.59375,1113.5,3795,
k100,231,0.734375,0.21810503420299218,0.6938,0.75,0.0,0,0.375,697.5,3209,
k100,232,0.72265625,0.2552629074840975,0.6938,0.7155172413793104,0.0,0,0.53125,825.5,2972,
k100,233,0.76171875,0.2747807625308713,0.6938,0.8020833333333334,0.0,0,0.375,620.5,2025,
k100,234,0.4609375,0.273161542313613,0.6938,0.4732142857142857,0.01171875,0,0.65625,1438.5,3765,0.3961762261014131
k100,235,0.70703125,0.32442215066153224,0.6938,0.6964285714285714,0.0,0,0.625,961.5,3347,
k100,236,0.46875,0.35732754525507565,0.6938,0.455,0.0078125,0,0.375,1022.5,4189,0.9683340378518397
k100,237,0.5390625,0.4309975714705561,0.6938,0.5817307692307693,0.0078125,0,0.4375,998.5,4006,0.482117882788187
k100,238,0.76953125,0.5173825273213924,0.6938,0.771551724137931,0.0,0,0.5,804.0,2620,
k100,239,0.7421875,0.5608124651669779,0.6938,0.7333333333333333,0.0,0,0.40625,906.0,2672,
k100,240,0.68359375,0.5803262341588877,0.6938,0.6875,0.0,0,0.46875,795.5,3560,
k100,241,0.375,0.5962822787032246,0.6938,0.3695652173913043,0.03125,0,0.65625,1346.0,4988,0.6126271327556823
k100,242,0.76171875,0.6791815098842604,0.6938,0.75,0.00390625,0,0.4375,818.5,3249,0.043625211241159166
k100,243,0.6328125,0.7219292529609855,0.6938,0.625,0.0,0,0.5,1104.5,3747,
k100,244,0.7265625,0.7655748606146932,0.6938,0.7333333333333333,0.0,0,0.34375,764.5,4137,
k100,245,0.74609375,0.7887552234722884,0.6938,0.745,0.00390625,0,0.46875,870.5,2680,0.0
k100,246,0.73828125,0.7932153837226052,0.6938,0.7403846153846154,0.0,0,0.5,956.0,3470,
k100,247,0.39453125,0.786329214647827,0.6938,0.3793103448275862,0.10546875,0,0.46875,1856.0,12000,0.3459551467241882
k100,248,0.79296875,0.8488443650454823,0.6938,0.795,0.0,0,0.34375,697.0,2821,
k100,249,0.22265625,0.8702920015738411,0.6938,0.20982142857142858,0.2421875,0,0.46875,2370.5,12000,0.20992197342899507
k100,250,0.21484375,0.9913126908936922,0.6938,0.21,0.21484375,0,0.4375,2524.0,12000,0.10521528481591542
k100,251,0.18359375,1.183792329667588,0.6938,0.18055555555555555,0.30859375,0,0.40625,3548.0,12000,0.05343565151193774
k100,252,0.140625,1.433324483059315,0.6938,0.1388888888888889,0.3515625,0.03125,0.375,3997.5,12000,0.25335782402564755
k100,253,0.74609375,1.7324613654335241,0.6938,0.7638888888888888,0.0,0,0.5625,1211.5,3848,
k100,254,0.0859375,1.9300910893454704,0.6938,0.07,0.421875,0,0.21875,5364.0,12000,0.22835987829883428
k100,255,0.01953125,2.205200958583833,0.6938,0.021551724137931036,0.47265625,0.03125,0.09375,7608.5,12000,0.2069743170503168
k100,256,0.87109375,2.5494883358006866,0.6938,0.8666666666666667,0.015625,0,0.34375,768.5,3016,0.38875711174748684
k100,257,0.80859375,2.750598406102484,0.6938,0.7958333333333333,0.01171875,0,0.25,1204.5,3829,0.2823732203446449
k100,258,0.8046875,2.8655468615637427,0.6938,0.7974137931034483,0.0078125,0,0.40625,993.0,5302,0.25
k100,259,0.01171875,2.9210610928866236,0.6938,0.008620689655172414,0.58203125,0.03125,0.09375,12000.0,12000,0.08240794060488878
k100,260,0.890625,3.0,0.6938,0.8973214285714286,0.0,0,0.5,736.5,3351,
k100,261,0.00390625,3.0,0.6938,0.004464285714285714,0.6796875,0,0.03125,12000.0,12000,0.1479207542525542
k100,262,0.01953125,3.0,0.6938,0.021551724137931036,0.578125,0.03125,0.125,12000.0,12000,0.17162722915587572
k100,263,0.0,3.0,0.6938,0,0.65625,0,0,12000.0,12000,0.12574772880389246
k100,264,0.0078125,3.0,0.6938,0.009259259259259259,0.625,0.03125,0.0625,12000.0,12000,0.12328940996002802
k100,265,0.0078125,3.0,0.6938,0.004166666666666667,0.6328125,0,0.0625,12000.0,12000,0.18930188302907275
k100,266,0.85546875,3.0,0.6938,0.8705357142857143,0.0,0,0.3125,1065.5,4176,
k100,267,0.8515625,3.0,0.6938,0.8666666666666667,0.0,0,0.375,734.5,3948,
k100,268,0.0078125,3.0,0.6938,0.008620689655172414,0.68359375,0.03125,0.03125,12000.0,12000,0.14131758073170478
k100,269,0.8046875,3.0,0.6938,0.8194444444444444,0.0078125,0,0.25,702.5,2799,0.44635901105016296
k100,270,0.015625,3.0,0.6938,0.018518518518518517,0.71484375,0.1875,0.0625,12000.0,12000,0.21087448930656355
k100,271,0.8828125,3.0,0.6938,0.875,0.0,0,0.28125,599.5,3171,
k100,272,0.73828125,3.0,0.6938,0.75,0.03125,0,0.25,728.5,4754,0.1583692090571269
k100,273,0.0,3.0,0.6938,0,0.7109375,0.09375,0,12000.0,12000,0.13969893037025058
k100,274,0.7265625,3.0,0.6938,0.7083333333333334,0.0,0,0.375,1024.0,4146,
k100,275,0.8046875,3.0,0.6938,0.7931034482758621,0.0,0,0.3125,836.5,2920,
k100,276,0.76953125,3.0,0.6938,0.7625,0.0,0,0.4375,1208.5,3558,
k100,277,0.0,3.0,0.6938,0,0.81640625,0.1875,0,12000.0,12000,0.08023283994867789
k100,278,0.0,3.0,0.6938,0,0.78515625,0.15625,0,12000.0,12000,0.17043478553053132
k100,279,0.83203125,3.0,0.6938,0.8214285714285714,0.0,0,0.28125,835.0,2950,
k100,280,0.0,3.0,0.6938,0,0.796875,0.21875,0,12000.0,12000,0.10984251804411087
k100,281,0.0,3.0,0.6938,0,0.80859375,0.1875,0,12000.0,12000,0.13329552191077362
k100,282,0.7421875,3.0,0.6938,0.7,0.0,0,0.375,878.0,2909,
k100,283,0.91015625,3.0,0.6938,0.90625,0.00390625,0,0.28125,632.0,2610,0.5
k100,284,0.75,3.0,0.6938,0.7419354838709677,0.00390625,0,0.40625,932.5,3343,0.5
k100,285,0.0,3.0,0.6938,0,0.78515625,0.1875,0,12000.0,12000,0.22355921766288248
k100,286,0.00390625,3.0,0.6938,0,0.78515625,0.21875,0.03125,12000.0,12000,0.09328926315942025
k100,287,0.7890625,3.0,0.6938,0.78125,0.0,0,0.5,876.5,2952,
k100,288,0.8203125,3.0,0.6938,0.7991071428571429,0.0,0,0.28125,745.5,2836,
k100,289,0.8125,3.0,0.6938,0.7916666666666666,0.0,0,0.4375,1019.0,3118,
k100,290,0.73828125,3.0,0.6938,0.7375,0.0,0,0.53125,712.0,3358,
k100,291,0.69140625,3.0,0.6938,0.7613636363636364,0.0,0,0.46875,847.0,2672,
k100,292,0.80078125,3.0,0.6938,0.8240740740740741,0.0,0,0.34375,717.0,2955,
k100,293,0.0,2.9867905633169243,0.6938,0,0.8515625,0.21875,0,12000.0,12000,0.05716729681442835
k100,294,0.0,3.0,0.6938,0,0.84765625,0.34375,0,12000.0,12000,0.2449720141912207
k100,295,0.62109375,3.0,0.6938,0.5833333333333334,0.0,0,0.53125,1307.5,4159,
k100,296,0.7578125,3.0,0.6938,0.8287037037037037,0.0,0,0.28125,1039.5,2800,
k100,297,0.62109375,3.0,0.6938,0.6205357142857143,0.0,0,0.5,1249.0,3511,
k100,298,0.0,3.0,0.6938,0,0.8828125,0.40625,0,12000.0,12000,0.11041160777981429
k100,299,0.65625,3.0,0.6938,0.69,0.0,0,0.5,966.0,2434,
k100,300,0.73046875,3.0,0.6938,0.7166666666666667,0.0,0,0.53125,955.5,3202,
k100,301,0.7734375,3.0,0.6938,0.765625,0.0,0,0.40625,480.0,2655,
k100,302,0.6953125,3.0,0.6938,0.6944444444444444,0.0,0,0.375,1184.5,4376,
k100,303,0.6953125,3.0,0.6938,0.7198275862068966,0.00390625,0,0.59375,1057.0,3418,0.0
k100,304,0.0,3.0,0.6938,0,0.84765625,0.28125,0,12000.0,12000,0.153229069645244
k100,305,0.72265625,3.0,0.6938,0.7065217391304348,0.0,0,0.28125,749.0,3111,
k100,306,0.0,3.0,0.6938,0,0.86328125,0.28125,0,12000.0,12000,0.09842796203658837
k100,307,0.0,3.0,0.6938,0,0.80078125,0.15625,0,12000.0,12000,0.17502953800687002
k100,308,0.0,3.0,0.6938,0,0.8125,0.21875,0,12000.0,12000,0.16256303160720517
k100,309,0.72265625,3.0,0.6938,0.7067307692307693,0.0,0,0.4375,1020.5,3543,
k100k,0,0.65625,0.5,0.525,0.6733870967741935,0.08984375,0,0.40625,617.5,9780,0.8450510199828245
k100k,1,0.46875,0.40156250000000004,0.525,0.5129310344827587,0.2421875,0.03125,0.46875,1269.5,12000,0.7508195284926554
k100k,2,0.53125,0.3453125000000001,0.525,0.5972222222222222,0.1015625,0,0.59375,804.0,11250,0.9419312597100331
k100k,3,0.59375,0.30453125000000014,0.525,0.6696428571428571,0.09375,0,0.53125,717.0,11826,0.9301276550257477
k100k,4,0.55859375,0.26051562500000025,0.525,0.5916666666666667,0.203125,0.03125,0.40625,833.0,12000,0.8214028189330004
k100k,5,0.44140625,0.22214609375000033,0.525,0.5336538461538461,0.125,0,0.5625,836.0,12000,0.9783454097352942
k100k,6,0.44921875,0.2140960156250004,0.525,0.5044642857142857,0.19921875,0,0.53125,1211.5,12000,1.0084044319796581
k100k,7,0.6171875,0.2255117421875005,0.525,0.6681034482758621,0.1328125,0,0.625,915.5,12000,0.9175350238571558
k100k,8,0.57421875,0.21276056328125062,0.525,0.5775862068965517,0.18359375,0,0.71875,1604.0,12000,0.8910378851912878
k100k,9,0.48046875,0.19276051929687568,0.525,0.5324074074074074,0.13671875,0,0.6875,1639.5,12000,1.187969208041449
k100k,10,0.5078125,0.18878001975781322,0.525,0.5375,0.21875,0,0.5625,1346.5,12000,1.029813941650956
k100k,11,0.375,0.18986085758046947,0.525,0.41379310344827586,0.31640625,0,0.46875,3341.5,12000,1.1201951956983045
k100k,12,0.4921875,0.22436744405632889,0.525,0.5555555555555556,0.18359375,0,0.53125,1197.0,12000,1.13319058440141
k100k,13,0.2578125,0.2559048670894305,0.525,0.28125,0.2734375,0,0.59375,2402.0,12000,1.076698618803131
k100k,14,0.453125,0.33809825071260163,0.525,0.5480769230769231,0.1875,0,0.59375,1881.5,12000,1.1294018020333305
k100k,15,0.4609375,0.41180549424882146,0.525,0.5267857142857143,0.17578125,0,0.5625,1866.5,12000,1.1278704878362855
k100k,16,0.421875,0.47781462722417534,0.525,0.49074074074074076,0.203125,0,0.5625,2123.0,12000,1.1299630991114749
k100k,17,0.3359375,0.5472241453069231,0.525,0.425,0.2578125,0,0.53125,2313.5,12000,1.3112447303298633
k100k,18,0.375,0.6383498704648466,0.525,0.39814814814814814,0.19921875,0,0.53125,2691.5,12000,1.2560853623331756
k100k,19,0.46484375,0.735887878075393,0.525,0.4798387096774194,0.2265625,0,0.625,3303.5,12000,1.4326778895159875
k100k,20,0.375,0.8176996396527756,0.525,0.42788461538461536,0.2578125,0,0.625,3146.0,12000,1.2818869939683675
k100k,21,0.171875,0.9087178727569434,0.525,0.1896551724137931,0.40625,0,0.375,7125.0,12000,1.3273845319709554
k100k,22,0.41796875,1.0518837609298608,0.525,0.5144230769230769,0.21875,0,0.59375,2203.0,12000,1.4697106372180084
k100k,23,0.390625,1.176181913900903,0.525,0.42857142857142855,0.3359375,0.0625,0.59375,3532.0,12000,1.6287664244768465
k100k,24,0.2734375,1.2934249959806328,0.525,0.3641304347826087,0.28515625,0,0.40625,3071.0,12000,1.3556188882586089
k100k,25,0.32421875,1.4320967159364435,0.525,0.3146551724137931,0.3359375,0,0.5,5915.5,12000,1.2647989347393396
k100k,26,0.25390625,1.5743427011555111,0.525,0.27717391304347827,0.2734375,0.03125,0.375,3108.5,12000,1.4169844464117518
k100k,27,0.33203125,1.7349109845588584,0.525,0.39351851851851855,0.21484375,0,0.5,3217.0,12000,1.399351361695303
k100k,28,0.34765625,1.8907267516912016,0.525,0.375,0.28515625,0,0.625,3499.5,12000,1.4879907735243145
k100k,29,0.4140625,2.039700132433842,0.525,0.44166666666666665,0.25,0,0.40625,4933.0,12000,1.515981592485078
k100k,30,0.390625,2.16894243645369,0.525,0.41810344827586204,0.28125,0,0.625,3454.5,12000,1.3848327140294059
k100k,31,0.42578125,2.2896464242675836,0.525,0.4583333333333333,0.1953125,0,0.53125,2509.5,12000,1.4372992298132163
k100k,32,0.4609375,2.396463434487309,0.525,0.5223214285714286,0.1953125,0,0.375,2079.5,12000,1.31431283666887
k100k,33,0.45703125,2.485649404141117,0.525,0.585,0.125,0,0.5,1611.5,12000,1.6678338951012313
k100k,34,0.55859375,2.5633725516487824,0.525,0.55859375,0.09765625,0,0.59375,2241.5,11793,1.3785052860609301
k100k,35,0.37109375,2.6102201611541482,0.525,0.4305555555555556,0.0859375,0,0.5,1803.5,10809,1.2678853747561811
k100k,36,0.64453125,2.6776423940579046,0.525,0.6810344827586207,0.05859375,0,0.5,1097.5,6750,1.1573718105242534
k100k,37,0.4609375,2.697943425840534,0.525,0.545,0.08984375,0.03125,0.375,1443.5,11335,0.9445070313796169
k100k,38,0.5703125,2.7265682105883746,0.525,0.6778846153846154,0.05859375,0,0.4375,1071.0,7779,1.3304739404185923
k100k,39,0.546875,2.7364102474118632,0.525,0.5972222222222222,0.09765625,0.03125,0.53125,1072.0,9899,0.9387995386171684
k100k,40,0.58203125,2.738377798188305,0.525,0.695,0.0703125,0,0.4375,944.0,8069,0.8511836628712297
k100k,41,0.62109375,2.7269230524818147,0.525,0.7644230769230769,0.0234375,0,0.28125,1066.5,4569,0.731188020410409
k100k,42,0.58984375,2.6972836367372715,0.525,0.7552083333333334,0.1328125,0.03125,0.21875,968.5,12000,1.026434832929572
k100k,43,0.56640625,2.6619462019660913,0.525,0.625,0.05859375,0,0.5,1547.0,7370,0.7436315283559656
k100k,44,0.6171875,2.627893591376265,0.525,0.7019230769230769,0.01953125,0,0.46875,1041.0,4393,0.7875747121131726
k100k,45,0.6484375,2.583314576463387,0.525,0.71875,0.03515625,0,0.46875,1335.0,6100,0.8800010403036701
k100k,46,0.58203125,2.524335828524372,0.525,0.6379310344827587,0.04296875,0,0.53125,1404.5,6698,0.7217143561881257
k100k,47,0.75,2.4702186737170617,0.525,0.7916666666666666,0.03515625,0,0.46875,1084.5,5888,0.7871051525350936
k100k,48,0.6328125,2.3817116653519443,0.525,0.7232142857142857,0.02734375,0,0.40625,1085.5,5469,1.128099299513593
k100k,49,0.54296875,2.2954989469963625,0.525,0.6018518518518519,0.10546875,0.03125,0.59375,1419.5,12000,0.9629749881929431
k100k,50,0.67578125,2.231107075397455,0.525,0.7678571428571429,0.046875,0,0.40625,1015.0,5337,0.8438447601902105
k100k,51,0.6484375,2.15210698402822,0.525,0.7314814814814815,0.0546875,0.03125,0.46875,1174.5,4847,0.92942701143455
k100k,52,0.7890625,2.0690334825697554,0.525,0.8017241379310345,0.05859375,0,0.375,1050.0,6956,0.8332527745782641
k100k,53,0.6875,1.9514679690488301,0.525,0.8028846153846154,0.05078125,0.03125,0.34375,1049.0,5915,0.9566438769897746
k100k,54,0.76953125,1.8326096095841826,0.525,0.8208333333333333,0.05859375,0,0.3125,916.0,7216,0.9602931731560168
k100k,55,0.59765625,1.6943892267089293,0.525,0.725,0.04296875,0,0.46875,1091.0,5331,0.7753584619471826
k100k,56,0.6796875,1.5812873024462522,0.525,0.7232142857142857,0.02734375,0,0.5,906.0,5616,1.127750728786616
k100k,57,0.6328125,1.467311267962378,0.525,0.7453703703703703,0.03515625,0,0.4375,1118.5,6132,1.20594778970868
k100k,58,0.5703125,1.3632702313236664,0.525,0.6293103448275862,0.0625,0,0.4375,1216.5,4475,0.8694007278079753
k100k,59,0.64453125,1.2802461931765683,0.525,0.7884615384615384,0.01953125,0,0.40625,1359.5,3447,0.9156396921979815
k100k,60,0.60546875,1.1952348352235995,0.525,0.6785714285714286,0.04296875,0,0.34375,1113.5,5619,0.8734148769220628
k100k,61,0.7109375,1.1176214159065214,0.525,0.7767857142857143,0.046875,0.03125,0.25,724.0,5711,1.1438990780698564
k100k,62,0.6328125,1.0214560848845669,0.525,0.6875,0.02734375,0,0.5,992.0,5464,0.9792645805924249
k100k,63,0.4765625,0.9298825406691986,0.525,0.6,0.01953125,0,0.375,1528.0,5957,0.8772457352843827
k100k,64,0.49609375,0.8766794972184409,0.525,0.65625,0.03515625,0,0.53125,1615.0,7674,0.9940864128130983
k100k,65,0.62109375,0.8459412730529104,0.525,0.6964285714285714,0.0234375,0,0.40625,1333.0,6186,0.7802415256899051
k100k,66,0.44140625,0.8028034223870392,0.525,0.555,0.02734375,0,0.4375,1979.5,6293,1.2059785736199837
k100k,67,0.640625,0.7914155206709292,0.525,0.7142857142857143,0.05078125,0,0.375,1291.0,7869,0.9180811606255268
k100k,68,0.40234375,0.7574283644696524,0.525,0.475,0.05859375,0,0.53125,2552.5,8440,1.040401994293271
k100k,69,0.46875,0.7612350113787587,0.525,0.47580645161290325,0.1015625,0,0.5,2031.5,11889,1.0177745166483285
k100k,70,0.52734375,0.776555914215133,0.525,0.6442307692307693,0.06640625,0,0.21875,1256.0,8848,1.218213812453004
k100k,71,0.53125,0.7867532024505951,0.525,0.5666666666666667,0.05078125,0,0.40625,905.0,6231,0.9709157968361849
k100k,72,0.57421875,0.7924850542154186,0.525,0.6793478260869565,0.03125,0,0.34375,1610.5,7010,1.3466564982941513
k100k,73,0.671875,0.785423131700795,0.525,0.671875,0.0390625,0,0.53125,1158.5,6315,1.2891800769690667
k100k,74,0.53515625,0.7474329109405586,0.525,0.5524193548387096,0.0390625,0,0.34375,1437.0,5962,1.0992636324380411
k100k,75,0.390625,0.7185546001583931,0.525,0.5170454545454546,0.05078125,0,0.5625,2811.0,8501,0.9458108950220846
k100k,76,0.4609375,0.7285741576108773,0.525,0.47580645161290325,0.07421875,0,0.40625,1739.0,10113,0.907854311331877
k100k,77,0.41015625,0.7500019103276162,0.525,0.4375,0.03125,0,0.40625,1867.0,6452,1.128472625182749
k100k,78,0.4453125,0.7908411809793335,0.525,0.5869565217391305,0.0390625,0,0.5,2323.5,7431,1.2339940574735486
k100k,79,0.62890625,0.8373583579355357,0.525,0.7175925925925926,0.015625,0,0.375,1587.0,6401,1.1945954614727299
k100k,80,0.46484375,0.8465414755548771,0.525,0.4637096774193548,0.03515625,0,0.5625,2227.0,7530,1.2312457565380928
k100k,81,0.4453125,0.8665048141384162,0.525,0.4870689655172414,0.03515625,0,0.40625,1882.5,6838,1.4388797851919413
k100k,82,0.4765625,0.8984088386468936,0.525,0.5083333333333333,0.0703125,0,0.40625,2032.5,9031,0.9509486445131331
k100k,83,0.53515625,0.9316400933028277,0.525,0.5862068965517241,0.07421875,0,0.34375,1861.5,7793,0.9657982202422781
k100k,84,0.46875,0.9526168153119816,0.525,0.5462962962962963,0.02734375,0,0.6875,2275.0,6493,1.101212893062615
k100k,85,0.375,0.9799567707183894,0.525,0.41379310344827586,0.0625,0,0.46875,2441.5,8610,1.2988916148793987
k100k,86,0.3515625,1.0328447395028748,0.525,0.4166666666666667,0.08984375,0,0.3125,2435.5,8786,0.8214189261406747
k100k,87,0.41015625,1.1088897551520147,0.525,0.5,0.0625,0,0.34375,2220.0,8423,1.3625321875601166
k100k,88,0.453125,1.1879611098564127,0.525,0.5370370370370371,0.0390625,0,0.40625,2217.0,7248,1.0855295272846885
k100k,89,0.4375,1.2594829331494912,0.525,0.47844827586206895,0.02734375,0,0.3125,2260.5,6228,1.1347192927222671
k100k,90,0.43359375,1.3292357094546463,0.525,0.5144230769230769,0.03515625,0,0.53125,2252.5,6476,0.9822168850401641
k100k,91,0.296875,1.3986290591182549,0.525,0.3275862068965517,0.05859375,0,0.25,2456.5,10326,0.9098692773498572
k100k,92,0.34765625,1.4985325288827809,0.525,0.3888888888888889,0.0625,0,0.53125,2215.0,8266,1.035446100491292
k100k,93,0.33984375,1.6083673014679492,0.525,0.38392857142857145,0.03515625,0,0.40625,2283.0,7156,0.818205548269277
k100k,94,0.37890625,1.7269117985275668,0.525,0.42410714285714285,0.03125,0,0.46875,2544.5,5892,1.1211599120026023
k100k,95,0.25,1.8427640402192993,0.525,0.30288461538461536,0.0625,0,0.34375,2483.5,8353,1.0016274812112629
k100k,96,0.46875,1.9857356094035121,0.525,0.5172413793103449,0.03515625,0,0.5,2180.5,7206,1.3218833981253195
k100k,97,0.52734375,2.098471957832461,0.525,0.5086206896551724,0.06640625,0,0.46875,1912.5,7986,0.9665019052929704
k100k,98,0.3671875,2.1768600579827253,0.525,0.4017857142857143,0.06640625,0,0.5,2777.5,9356,0.9284893567121796
k100k,99,0.28125,2.2672395405879104,0.525,0.3125,0.03515625,0,0.40625,2718.0,6186,1.0737152439702409
k100k,100,0.390625,2.38534892841154,0.525,0.46296296296296297,0.0234375,0,0.4375,2354.5,7207,0.875458852653756
k100k,101,0.45703125,2.4982598748880807,0.525,0.4875,0.03125,0,0.53125,2396.5,6669,0.9705808929035177
k100k,102,0.43359375,2.592590506171659,0.525,0.5096153846153846,0.03515625,0,0.71875,2515.5,6608,1.325110718713926
k100k,103,0.38671875,2.6791883543201642,0.525,0.5217391304347826,0.02734375,0,0.34375,1952.0,6750,1.1050690022929113
k100k,104,0.32421875,2.770920129274118,0.525,0.36607142857142855,0.02734375,0,0.46875,2513.5,7505,1.1268246772155284
k100k,105,0.3203125,2.8803081529918853,0.525,0.3416666666666667,0.05078125,0,0.46875,3126.5,8074,0.9478668217731884
k100k,106,0.26953125,3.0,0.525,0.28,0.046875,0,0.46875,3262.0,8964,1.3680506834646187
k100k,107,0.28125,3.0,0.525,0.3101851851851852,0.07421875,0,0.625,2735.0,10363,1.469396248637007
k100k,108,0.10546875,3.0,0.525,0.10576923076923077,0.18359375,0,0.375,4286.0,12000,0.7147705231259087
k100k,109,0.09375,3.0,0.525,0.06896551724137931,0.4765625,0.0625,0.21875,10960.0,12000,0.6515286495061492
k100k,110,0.0546875,3.0,0.525,0.0673076923076923,0.49609375,0.09375,0.1875,11754.0,12000,0.7017786255039832
k100k,111,0.05859375,3.0,0.525,0.02403846153846154,0.56640625,0.21875,0.125,12000.0,12000,0.6382250708191111
k100k,112,0.04296875,3.0,0.525,0.015,0.65625,0.34375,0.15625,12000.0,12000,0.5934542232955998
k100k,113,0.01953125,3.0,0.525,0,0.7109375,0.4375,0.03125,12000.0,12000,0.4924451916790553
k100k,114,0.01953125,3.0,0.525,0,0.58984375,0.25,0.03125,12000.0,12000,0.3301340200908878
k100k,115,0.0,3.0,0.525,0,0.6328125,0.21875,0,12000.0,12000,0.15717526499590914
k100k,116,0.0,3.0,0.525,0,0.76171875,0.28125,0,12000.0,12000,0.07977648405322298
k100k,117,0.0,3.0,0.525,0,0.8046875,0.40625,0,12000.0,12000,0.0382569644807763
k100k,118,0.0,3.0,0.525,0,0.75,0.21875,0,12000.0,12000,0.043432808468918324
k100k,119,0.01171875,3.0,0.525,0,0.75390625,0.25,0.03125,12000.0,12000,0.058907759917775804
k100k,120,0.0,3.0,0.525,0,0.74609375,0.15625,0,12000.0,12000,0.07849697690960049
k100k,121,0.0,3.0,0.525,0,0.765625,0.1875,0,12000.0,12000,0.0704324091507352
k100k,122,0.0,3.0,0.525,0,0.76953125,0.25,0,12000.0,12000,0.1763237151880145
k100k,123,0.0,3.0,0.525,0,0.7421875,0.25,0,12000.0,12000,0.09684002677712573
k100k,124,0.0,3.0,0.525,0,0.765625,0.21875,0,12000.0,12000,0.09490257724750323
k100k,125,0.0,3.0,0.525,0,0.69140625,0.15625,0,12000.0,12000,0.04186099707867969
k100k,126,0.0,3.0,0.525,0,0.80078125,0.21875,0,12000.0,12000,0.04012496818006405
k100k,127,0.0,3.0,0.525,0,0.87109375,0.34375,0,12000.0,12000,0.1834150977425557
k100k,128,0.0,3.0,0.525,0,0.83984375,0.25,0,12000.0,12000,0.2726302818686923
k100k,129,0.0,3.0,0.525,0,0.83203125,0.40625,0,12000.0,12000,0.21416276165613274
k100k,130,0.0,3.0,0.525,0,0.91015625,0.53125,0,12000.0,12000,0.2518658816265508
k100k,131,0.0,3.0,0.525,0,0.88671875,0.40625,0,12000.0,12000,0.23348502619028788
k100k,132,0.0,3.0,0.525,0,0.91796875,0.625,0,12000.0,12000,0.1426865906441995
k100k,133,0.0,3.0,0.525,0,0.9140625,0.5,0,12000.0,12000,0.306229060968385
k100k,134,0.0,3.0,0.525,0,0.93359375,0.65625,0,12000.0,12000,0.17471624108259037
k100k,135,0.0,3.0,0.525,0,0.91796875,0.625,0,12000.0,12000,0.45538234207238487
k100k,136,0.0,3.0,0.525,0,0.953125,0.6875,0,12000.0,12000,0.20467933072731032
k100k,137,0.0,3.0,0.525,0,0.953125,0.65625,0,12000.0,12000,0.2784189004703101
k100k,138,0.0,3.0,0.525,0,0.89453125,0.53125,0,12000.0,12000,0.18426339979202938
k100k,139,0.0,3.0,0.525,0,0.94140625,0.78125,0,12000.0,12000,0.4425911535092803
k100k,140,0.0,3.0,0.525,0,0.88671875,0.53125,0,12000.0,12000,0.2157019029219121
k100k,141,0.0,3.0,0.525,0,0.9140625,0.625,0,12000.0,12000,0.39139420598614205
k100k,142,0.0,3.0,0.525,0,0.859375,0.46875,0,12000.0,12000,0.4133958495320077
k100k,143,0.0,3.0,0.525,0,0.91796875,0.6875,0,12000.0,12000,0.23325209895122867
k100k,144,0.0,3.0,0.525,0,0.828125,0.375,0,12000.0,12000,0.14325785844072897
k100k,145,0.0,3.0,0.525,0,0.83203125,0.3125,0,12000.0,12000,0.353714604632091
k100k,146,0.0,3.0,0.525,0,0.8671875,0.4375,0,12000.0,12000,0.32932665138365796
k100k,147,0.0,3.0,0.525,0,0.6953125,0.25,0,12000.0,12000,0.2972935865182271
k100k,148,0.0,3.0,0.525,0,0.58203125,0.21875,0,12000.0,12000,0.37944739093038815
k100k,149,0.0,3.0,0.525,0,0.5234375,0.09375,0,12000.0,12000,0.2654083956479655
k100k,150,0.0,3.0,0.525,0,0.43359375,0.09375,0,10927.0,12000,0.3884728023068778
k100k,151,0.0,3.0,0.525,0,0.50390625,0.125,0,12000.0,12000,0.530024211313461
k100k,152,0.0,3.0,0.525,0,0.5078125,0.15625,0,12000.0,12000,0.4218979512363914
k100k,153,0.0,3.0,0.525,0,0.44921875,0.0625,0,10945.0,12000,0.5858537496316863
k100k,154,0.0,3.0,0.525,0,0.41796875,0.09375,0,9376.0,12000,0.3579963249358324
k100k,155,0.0,3.0,0.525,0,0.609375,0.15625,0,12000.0,12000,0.6075444168225721
k100k,156,0.0,3.0,0.525,0,0.8515625,0.4375,0,12000.0,12000,0.336259591658322
k100k,157,0.0,3.0,0.525,0,0.80078125,0.53125,0,12000.0,12000,0.35744075908621803
k100k,158,0.0,3.0,0.525,0,0.82421875,0.4375,0,12000.0,12000,0.4003490510495084
k100k,159,0.0,3.0,0.525,0,0.91015625,0.625,0,12000.0,12000,0.14655379618776784
k100k,160,0.0,3.0,0.525,0,0.93359375,0.75,0,12000.0,12000,0.20673062209534004
k100k,161,0.0,3.0,0.525,0,0.91796875,0.625,0,12000.0,12000,0.16770222075169783
k100k,162,0.0,3.0,0.525,0,0.953125,0.75,0,12000.0,12000,0.2077658826879433
k100k,163,0.0,3.0,0.525,0,0.98046875,0.875,0,12000.0,12000,0.27312769283985167
k100k,164,0.0,3.0,0.525,0,0.98828125,0.90625,0,12000.0,12000,0.13921314729885417
k100k,165,0.0,3.0,0.525,0,0.9921875,0.9375,0,12000.0,12000,0.11854447472925615
k100k,166,0.0,3.0,0.525,0,0.98828125,0.9375,0,12000.0,12000,0.13364560944486212
k100k,167,0.0,3.0,0.525,0,0.9765625,0.84375,0,12000.0,12000,0.03660070334532507
k100k,168,0.0,3.0,0.525,0,0.953125,0.625,0,12000.0,12000,0.08164630661519919
k100k,169,0.0,3.0,0.525,0,0.91015625,0.46875,0,12000.0,12000,0.07204273477881779
k100k,170,0.0,3.0,0.525,0,0.87109375,0.4375,0,12000.0,12000,0.07393144601085107
k100k,171,0.0,3.0,0.525,0,0.4453125,0,0,8768.0,12000,0.24172798596877357
k100k,172,0.0,3.0,0.525,0,0.5078125,0.0625,0,12000.0,12000,0.26798034769932483
k100k,173,0.0,3.0,0.525,0,0.5,0.03125,0,11983.0,12000,0.46423938661806546
k100k,174,0.0,3.0,0.525,0,0.52734375,0,0,12000.0,12000,0.40662826718985745
k100k,175,0.0,3.0,0.525,0,0.70703125,0.03125,0,12000.0,12000,0.3707014842422758
k100k,176,0.0,3.0,0.525,0,0.734375,0.1875,0,12000.0,12000,0.34869458009250087
k10k,0,0.671875,0.5,0.5375,0.6854838709677419,0.0390625,0,0.53125,583.0,3276,0.26097686373205153
k10k,1,0.54296875,0.39921874999999996,0.5375,0.5689655172413793,0.1328125,0.0625,0.59375,980.0,12000,0.47958428278395066
k10k,2,0.51953125,0.32744140624999996,0.5375,0.5740740740740741,0.06640625,0,0.59375,692.0,6266,0.7055134291935888
k10k,3,0.62890625,0.281240234375,0.5375,0.6964285714285714,0.06640625,0,0.625,715.5,6255,0.395895749045222
k10k,4,0.5546875,0.22833300781250002,0.5375,0.5708333333333333,0.08984375,0,0.5625,758.0,8485,0.450838180598327
k10k,5,0.51171875,0.18743076171875003,0.5375,0.5721153846153846,0.1015625,0,0.65625,652.5,11980,0.49969748788831236
k10k,6,0.55078125,0.1645999707031251,0.5375,0.5669642857142857,0.07421875,0,0.6875,853.0,8238,0.71760603278953
k10k,7,0.6171875,0.14563013574218772,0.5375,0.6508620689655172,0.05859375,0,0.78125,861.0,7473,0.7671378635071533
k10k,8,0.71875,0.11442156376953155,0.5375,0.728448275862069,0.1015625,0,0.5,961.0,11525,0.6415728996800257
k10k,9,0.62109375,0.0517943133886723,0.5375,0.6851851851851852,0.046875,0,0.5,940.0,6457,0.7844032869448991
k10k,10,0.578125,0.0,0.5375,0.6,0.09765625,0,0.625,711.5,11630,0.6528494418118242
k10k,11,0.421875,0.0,0.5375,0.4482758620689655,0.1015625,0.03125,0.65625,1390.5,11445,0.844992769374214
k10k,12,0.60546875,0.0,0.5375,0.6990740740740741,0.03515625,0,0.53125,705.0,3418,0.6577254255164432
k10k,13,0.39453125,0.0,0.5375,0.4791666666666667,0.06640625,0,0.75,1121.0,7282,0.8861103510988212
k10k,14,0.55859375,0.01603360716911409,0.5375,0.6538461538461539,0.0625,0,0.5625,890.0,6238,0.7782522935168932
k10k,15,0.51953125,0.022511038437493996,0.5375,0.5848214285714286,0.0703125,0,0.6875,1039.0,5799,0.9749123659744775
k10k,16,0.51953125,0.03108820907535992,0.5375,0.6111111111111112,0.07421875,0,0.59375,1008.5,9473,0.7794618973027394
k10k,17,0.4296875,0.04113519727186604,0.5375,0.54,0.1015625,0,0.6875,979.0,11259,0.8922180675188094
k10k,18,0.53125,0.07242590150942034,0.5375,0.5972222222222222,0.09765625,0,0.65625,1098.0,11142,0.8300923372132485
k10k,19,0.515625,0.09573564447570836,0.5375,0.5241935483870968,0.10546875,0,0.78125,1094.5,12000,1.285209744574397
k10k,20,0.44140625,0.11697433955210994,0.5375,0.5144230769230769,0.13671875,0,0.65625,1305.0,12000,0.9832539278608126
k10k,21,0.3046875,0.15346251985559106,0.5375,0.33620689655172414,0.23046875,0,0.46875,2815.5,12000,1.008521506992921
k10k,22,0.48828125,0.23138705856802783,0.5375,0.6009615384615384,0.109375,0,0.53125,1304.5,12000,1.4046405662125971
k10k,23,0.47265625,0.29700845441673357,0.5375,0.5357142857142857,0.13671875,0,0.71875,1627.5,12000,1.341610462559848
k10k,24,0.26953125,0.35753327526082757,0.5375,0.375,0.18359375,0,0.5,2521.0,12000,1.357144336483704
k10k,25,0.30859375,0.4601936186016934,0.5375,0.30603448275862066,0.2734375,0,0.59375,2805.0,12000,1.1849535233585577
k10k,26,0.2109375,0.5835597651902995,0.5375,0.2608695652173913,0.25,0,0.53125,3470.0,12000,1.3053331286314611
k10k,27,0.33984375,0.7433926303023237,0.5375,0.4027777777777778,0.20703125,0,0.46875,1806.5,12000,1.2187141301434254
k10k,28,0.3203125,0.8997482921307407,0.5375,0.35267857142857145,0.2421875,0,0.53125,3225.0,12000,1.298622775047206
k10k,29,0.328125,1.0580644429106325,0.5375,0.35,0.265625,0.03125,0.53125,2981.0,12000,1.173336931940076
k10k,30,0.3046875,1.215995123456557,0.5375,0.3232758620689655,0.25390625,0.03125,0.65625,2384.5,12000,1.371038582554961
k10k,31,0.3125,1.378929412338704,0.5375,0.3148148148148148,0.22265625,0,0.625,3084.5,12000,1.538713066708563
k10k,32,0.30078125,1.5436084145562068,0.5375,0.3392857142857143,0.2421875,0,0.5,1832.5,12000,1.3809807999236328
k10k,33,0.3125,1.7121454348584588,0.5375,0.4,0.23046875,0,0.46875,1846.0,12000,1.6102634465907506
k10k,34,0.39453125,1.8807463490700354,0.5375,0.39453125,0.24609375,0,0.625,1984.5,12000,1.4292104480651737
k10k,35,0.234375,2.030934957768139,0.5375,0.26851851851851855,0.234375,0,0.4375,2422.5,12000,1.3365502863790166
k10k,36,0.421875,2.2042701088568113,0.5375,0.4482758620689655,0.21875,0,0.6875,2083.5,12000,1.4557537708408226
k10k,37,0.29296875,2.351620339618882,0.5375,0.345,0.21484375,0,0.46875,2677.5,12000,1.1848708694411332
k10k,38,0.3203125,2.5097850324023314,0.5375,0.3894230769230769,0.18359375,0,0.59375,2217.5,12000,1.3883920049808154
k10k,39,0.359375,2.669367504850746,0.5375,0.4027777777777778,0.24609375,0,0.5625,2443.0,12000,1.3662885465649812
k10k,40,0.33203125,2.821153360564636,0.5375,0.385,0.26953125,0.03125,0.40625,2944.5,12000,1.5677279075188908
k10k,41,0.35546875,2.9736339283143596,0.5375,0.4326923076923077,0.23046875,0,0.65625,2297.0,12000,1.5490702182853013
k10k,42,0.3828125,3.0,0.5375,0.4791666666666667,0.265625,0,0.625,2900.0,12000,1.7372309944291475
k10k,43,0.31640625,3.0,0.5375,0.34913793103448276,0.171875,0,0.4375,2400.5,12000,1.3388705244995796
k10k,44,0.453125,3.0,0.5375,0.5432692307692307,0.1640625,0,0.46875,1521.0,12000,1.4780720052727525
k10k,45,0.53515625,3.0,0.5375,0.6071428571428571,0.16015625,0,0.5,1784.0,12000,1.403711060817187
k10k,46,0.43359375,3.0,0.5375,0.47413793103448276,0.1875,0.03125,0.5625,2135.5,12000,1.1812750118096982
k10k,47,0.625,3.0,0.5375,0.6583333333333333,0.15625,0,0.65625,1317.5,12000,1.3814842106618341
k10k,48,0.51171875,3.0,0.5375,0.5848214285714286,0.18359375,0,0.6875,1618.5,12000,1.3173723232651113
k10k,49,0.5078125,3.0,0.5375,0.5648148148148148,0.15625,0,0.53125,2197.5,12000,1.248585952114809
k10k,50,0.6015625,3.0,0.5375,0.6830357142857143,0.0859375,0,0.46875,1098.5,9639,1.013765178243911
k10k,51,0.55078125,3.0,0.5375,0.6111111111111112,0.1328125,0.03125,0.71875,1725.0,12000,1.190461804412647
k10k,52,0.66015625,3.0,0.5375,0.6810344827586207,0.1484375,0.03125,0.4375,1641.5,12000,1.0228066132567268
k10k,53,0.5625,2.973421986178872,0.5375,0.6586538461538461,0.11328125,0,0.65625,1191.5,12000,1.1582228716140486
k10k,54,0.671875,2.949192376504082,0.5375,0.7166666666666667,0.109375,0,0.46875,1236.0,12000,0.8953699384169547
k10k,55,0.58203125,2.9019972747317295,0.5375,0.695,0.1015625,0,0.46875,1241.0,11803,0.9555138958233104
k10k,56,0.61328125,2.8589411722410825,0.5375,0.6785714285714286,0.12890625,0,0.53125,1467.0,12000,0.9802901016523922
k10k,57,0.62890625,2.8117511192476297,0.5375,0.7407407407407407,0.08203125,0,0.46875,1497.5,7666,0.9816656823757107
k10k,58,0.6328125,2.7581516759022127,0.5375,0.6982758620689655,0.109375,0.03125,0.34375,1774.0,12000,0.7960342254656626
k10k,59,0.59375,2.6991867530604208,0.5375,0.7307692307692307,0.05859375,0,0.375,1511.5,6808,0.9426366191644905
k10k,60,0.58984375,2.6452550570711666,0.5375,0.6428571428571429,0.09765625,0,0.3125,1590.0,10619,0.8429742565078112
k10k,61,0.73046875,2.5957255261286885,0.5375,0.8080357142857143,0.0625,0.03125,0.34375,878.5,7083,0.8886878853069433
k10k,62,0.6953125,2.5176368857189537,0.5375,0.7633928571428571,0.0625,0,0.375,1290.5,8361,0.8295644056403122
k10k,63,0.484375,2.4274670249321395,0.5375,0.595,0.125,0,0.46875,1982.5,12000,0.8822736493599823
k10k,64,0.5390625,2.3763012473813694,0.5375,0.7135416666666666,0.0703125,0,0.46875,1632.0,7255,0.8113009179227892
k10k,65,0.703125,2.3401336405958304,0.5375,0.78125,0.0859375,0,0.4375,1175.0,7937,0.8949346147779733
k10k,66,0.609375,2.277550690845953,0.5375,0.74,0.07421875,0.03125,0.34375,1839.0,9335,0.8366100043614271
k10k,67,0.69140625,2.217570751021039,0.5375,0.7589285714285714,0.1328125,0,0.25,1860.0,12000,0.7766291692515646
k10k,68,0.50390625,2.140955886893599,0.5375,0.615,0.1484375,0,0.5625,3186.5,12000,0.8430879957436628
k10k,69,0.546875,2.094884075754391,0.5375,0.5524193548387096,0.14453125,0.03125,0.46875,2003.5,12000,0.8364059933182769
k10k,70,0.578125,2.060524432956946,0.5375,0.6923076923076923,0.07421875,0.03125,0.28125,1007.5,5548,0.9009190737301195
k10k,71,0.69140625,2.027332057998734,0.5375,0.7333333333333333,0.04296875,0,0.46875,1093.0,4814,0.6632869295425567
k10k,72,0.65625,1.969468489277986,0.5375,0.7989130434782609,0.0859375,0.03125,0.46875,1276.0,10644,0.8259078456900979
k10k,73,0.8359375,1.9022452411734623,0.5375,0.8359375,0.08203125,0.03125,0.25,1280.0,8896,0.85975639127443
k10k,74,0.671875,1.7880405300002957,0.5375,0.6854838709677419,0.08984375,0.03125,0.28125,1359.0,9482,0.7764756054912694
k10k,75,0.60546875,1.677862857179079,0.5375,0.7613636363636364,0.0625,0,0.5,1585.5,8563,0.8553579882221671
k10k,76,0.69921875,1.5854455174542275,0.5375,0.7217741935483871,0.06640625,0,0.46875,1484.0,8539,0.7303921753988049
k10k,77,0.62109375,1.4843666608968313,0.5375,0.6541666666666667,0.0703125,0,0.5,1726.5,8201,0.9898727265946107
k10k,78,0.59375,1.3948028675566542,0.5375,0.7391304347826086,0.03125,0,0.375,1532.0,5853,1.2791325246631051
k10k,79,0.73828125,1.3194519622185301,0.5375,0.8055555555555556,0.08203125,0,0.40625,1036.0,9051,0.8561802074148913
k10k,80,0.6171875,1.2215305472318434,0.5375,0.6330645161290323,0.19140625,0.0625,0.46875,2382.0,12000,0.8647711818282525
k10k,81,0.7109375,1.1350558692411625,0.5375,0.75,0.0234375,0,0.46875,1617.0,6090,1.1068029506160335
k10k,82,0.6015625,1.035500157147686,0.5375,0.6291666666666667,0.08984375,0,0.34375,1505.5,10181,0.86323105437906
k10k,83,0.7265625,0.9513970961822525,0.5375,0.7543103448275862,0.05859375,0,0.375,1529.5,6411,0.7191930403861797
k10k,84,0.7109375,0.8499858910064491,0.5375,0.7685185185185185,0.0390625,0,0.5,1344.5,5814,0.815103159340171
k10k,85,0.5703125,0.7399746098833866,0.5375,0.5905172413793104,0.08984375,0,0.46875,2009.0,10536,1.1132494221884637
k10k,86,0.48046875,0.6555839005972429,0.5375,0.5138888888888888,0.07421875,0,0.5625,1754.0,8319,0.8381421400491865
k10k,87,0.6015625,0.6093424353469423,0.5375,0.6442307692307693,0.0859375,0,0.46875,1530.5,10113,0.9001327179484547
k10k,88,0.63671875,0.5625593471717318,0.5375,0.7083333333333334,0.09375,0,0.5625,1670.0,9767,1.0824419189232364
k10k,89,0.58984375,0.5074869666990846,0.5375,0.5991379310344828,0.08984375,0,0.625,1661.5,10198,1.022992850331554
k10k,90,0.65234375,0.45715895661823147,0.5375,0.7067307692307693,0.04296875,0,0.5625,1377.5,6499,0.9598453146524238
k10k,91,0.48828125,0.3960895058116343,0.5375,0.47844827586206895,0.16796875,0,0.5,2069.0,12000,0.8072768658862552
k10k,92,0.5625,0.36441510899701635,0.5375,0.5555555555555556,0.046875,0,0.8125,1878.0,5794,0.9629492985640306
k10k,93,0.546875,0.3366180312267838,0.5375,0.5446428571428571,0.140625,0.03125,0.5625,1991.5,12000,0.7872978327718698
k10k,94,0.62890625,0.31505070178762107,0.5375,0.6651785714285714,0.06640625,0,0.53125,1771.0,6916,0.8918869617547119
k10k,95,0.5546875,0.2793871649302072,0.5375,0.5,0.1015625,0,0.65625,2304.0,11306,1.178148941444142
k10k,96,0.6875,0.2505555016300175,0.5375,0.7025862068965517,0.0859375,0.03125,0.5,1421.5,9536,0.9693448842640643
k10k,97,0.62109375,0.1966233373198847,0.5375,0.5991379310344828,0.0546875,0,0.5625,1241.0,6391,0.8395844553836008
k10k,98,0.57421875,0.14006222855279182,0.5375,0.5982142857142857,0.0390625,0,0.53125,1903.5,6523,0.9693022648177111
k10k,99,0.48046875,0.0922077336658268,0.5375,0.5044642857142857,0.203125,0.03125,0.4375,2705.0,12000,0.9885576119525258
k10k,100,0.61328125,0.07154161849495133,0.5375,0.625,0.11328125,0,0.6875,1870.0,12000,1.1374117392446457
k10k,101,0.56640625,0.04002455662533849,0.5375,0.5791666666666667,0.12109375,0,0.59375,1381.0,12000,1.1143729957418018
k10k,102,0.69921875,0.011458707066609508,0.5375,0.7115384615384616,0.09765625,0,0.78125,1749.5,10488,1.1328507346078893
k10k,103,0.53515625,0.0,0.5375,0.5760869565217391,0.10546875,0,0.53125,1750.0,12000,1.2970612399356123
k10k,104,0.515625,0.0,0.5375,0.5133928571428571,0.12109375,0.03125,0.5,1855.0,12000,1.1294812873514966
k10k,105,0.50390625,0.0,0.5375,0.5375,0.078125,0,0.5625,1519.0,8731,1.0384558231784073
k10k,106,0.5078125,0.0,0.5375,0.485,0.15625,0,0.65625,2209.5,12000,1.0898423565324988
k10k,107,0.59375,0.0010257872740394303,0.5375,0.5833333333333334,0.125,0,0.59375,1224.0,12000,1.3563207272920261
k10k,108,0.58984375,0.0,0.5375,0.6009615384615384,0.07421875,0,0.71875,1823.5,9378,1.2862941801538628
k10k,109,0.59375,0.0,0.5375,0.5862068965517241,0.0859375,0,0.5,1307.0,8961,1.2616513135686298
k10k,110,0.53515625,0.0,0.5375,0.5673076923076923,0.109375,0,0.71875,1761.5,12000,1.2448468623412274
k10k,111,0.49609375,0.0,0.5375,0.49038461538461536,0.15625,0,0.75,2406.0,12000,1.4038126927674368
k10k,112,0.6328125,0.0,0.5375,0.615,0.12109375,0,0.75,2153.5,12000,1.4805088627265734
k10k,113,0.51171875,0.0,0.5375,0.4827586206896552,0.17578125,0,0.65625,2651.0,12000,1.0871091141464253
k10k,114,0.546875,0.0,0.5375,0.5669642857142857,0.15234375,0,0.65625,2235.5,12000,1.4059757572815803
k10k,115,0.50390625,0.0,0.5375,0.5044642857142857,0.125,0,0.6875,2243.0,12000,1.4909801204627913
k10k,116,0.46875,0.0007470482130065847,0.5375,0.49107142857142855,0.1015625,0,0.53125,2426.5,11798,1.4145336084039615
k10k,117,0.484375,0.016738731962111147,0.5375,0.4955357142857143,0.2265625,0,0.6875,2714.5,12000,1.500763143327473
k10k,118,0.44921875,0.0398860355864844,0.5375,0.4722222222222222,0.1640625,0,0.59375,2684.5,12000,1.6140717261100979
k10k,119,0.41796875,0.07595242937354571,0.5375,0.3802083333333333,0.22265625,0,0.65625,3013.0,12000,1.4391846719890575
k10k,120,0.40234375,0.1280934362744886,0.5375,0.405,0.23828125,0,0.6875,2979.5,12000,1.6720380245562803
k10k,121,0.31640625,0.19500229735514862,0.5375,0.3169642857142857,0.234375,0,0.5625,3506.5,12000,1.412611131498241
k10k,122,0.5,0.2915845938616107,0.5375,0.5048076923076923,0.1953125,0,0.53125,2658.0,12000,1.620979858460086
k10k,123,0.5234375,0.36762970141613416,0.5375,0.5120967741935484,0.1640625,0,0.71875,2454.5,12000,1.3055752415024207
k10k,124,0.46484375,0.42402533920430063,0.5375,0.46484375,0.20703125,0,0.53125,2479.0,12000,1.4545747671956364
k10k,125,0.390625,0.4798499419060172,0.5375,0.40865384615384615,0.2109375,0,0.75,2695.5,12000,1.7370433153721545
k10k,126,0.40625,0.5519740387972188,0.5375,0.4074074074074074,0.203125,0,0.625,2671.0,12000,1.6900172215735298
k10k,127,0.41796875,0.63199215662106,0.5375,0.4375,0.203125,0.03125,0.6875,2655.0,12000,1.258453344742765
k10k,128,0.48046875,0.7148993703477488,0.5375,0.4951923076923077,0.1484375,0,0.59375,2487.0,12000,1.5613868890180425
k10k,129,0.30859375,0.7857664512064308,0.5375,0.24537037037037038,0.27734375,0,0.6875,4235.0,12000,1.521684711420914
k10k,130,0.48046875,0.8868773140575084,0.5375,0.5052083333333334,0.12109375,0,0.71875,1839.0,12000,1.680888547482381
k10k,131,0.40625,0.9704869493032626,0.5375,0.41,0.16015625,0.03125,0.6875,2044.0,12000,1.8753640197907726
k10k,132,0.40625,1.0585449439752908,0.5375,0.3706896551724138,0.23828125,0.0625,0.625,3215.5,12000,1.527342371379313
k10k,133,0.35546875,1.1497167902457104,0.5375,0.3333333333333333,0.14453125,0,0.6875,2420.5,12000,1.5297736401215412
k10k,134,0.37109375,1.254494113885004,0.5375,0.385,0.19140625,0,0.71875,2602.0,12000,1.5850929481313178
k10k,135,0.53125,1.3652796466825097,0.5375,0.5648148148148148,0.1171875,0,0.5625,1686.5,12000,1.355680595253593
k10k,136,0.39453125,1.4442357696407637,0.5375,0.3482142857142857,0.234375,0,0.65625,3800.0,12000,1.6634651717506135
k10k,137,0.4765625,1.5316730244615415,0.5375,0.49583333333333335,0.21875,0,0.59375,2435.5,12000,1.6675935736956768
k10k,138,0.26953125,1.606590040336086,0.5375,0.22685185185185186,0.31640625,0,0.65625,4197.0,12000,1.6310171889732128
k10k,139,0.3984375,1.7193249201982672,0.5375,0.38392857142857145,0.16796875,0,0.5625,2469.5,12000,1.7164486264089875
k10k,140,0.47265625,1.829528398601794,0.5375,0.435,0.171875,0,0.59375,2378.0,12000,1.32529671276705
k10k,141,0.41796875,1.9212606772342629,0.5375,0.4166666666666667,0.22265625,0,0.59375,2917.5,12000,1.6753095904708943
k10k,142,0.43359375,2.012367803526991,0.5375,0.44642857142857145,0.1953125,0,0.6875,2299.5,12000,1.618253973577576
k10k,143,0.4921875,2.0995216981819005,0.5375,0.46551724137931033,0.203125,0,0.5625,3025.0,12000,1.360669254408829
k10k,144,0.3671875,2.1707247369403375,0.5375,0.375,0.19921875,0,0.53125,2900.0,12000,1.6264107289903098
k10k,145,0.50390625,2.2588871765712435,0.5375,0.49038461538461536,0.13671875,0,0.6875,2516.5,12000,1.533640518105079
k10k,146,0.58203125,2.3281594780628776,0.5375,0.5666666666666667,0.15625,0,0.625,1606.5,12000,1.2729078027542344
k10k,147,0.45703125,2.3666305578570213,0.5375,0.4519230769230769,0.22265625,0,0.59375,3564.5,12000,1.5245452723110735
k10k,148,0.58203125,2.4116657824629217,0.5375,0.57,0.1328125,0,0.71875,2341.0,12000,1.4483171958321936
k10k,149,0.671875,2.4331709084370523,0.5375,0.671875,0.11328125,0.03125,0.5,1503.5,12000,1.0651895364446142
k10k,150,0.55859375,2.4179901216189434,0.5375,0.5416666666666666,0.15234375,0,0.4375,2146.5,12000,0.9917733165042758
k10k,151,0.62109375,2.4026174770962676,0.5375,0.5961538461538461,0.16015625,0,0.59375,1815.0,12000,1.3262455985305726
k10k,152,0.60546875,2.373048032180394,0.5375,0.59375,0.13671875,0,0.5,1712.5,12000,0.9972865519953651
k10k,153,0.53125,2.337056451989283,0.5375,0.4956896551724138,0.11328125,0,0.6875,2602.0,12000,1.1451692769835164
k10k,154,0.54296875,2.3132685958555053,0.5375,0.5462962962962963,0.12109375,0,0.75,2826.0,12000,1.4724501919266815
k10k,155,0.609375,2.295386627811861,0.5375,0.5862068965517241,0.1171875,0.03125,0.59375,1713.5,12000,1.4031716550625422
k10k,156,0.671875,2.2666973751813098,0.5375,0.6637931034482759,0.08984375,0,0.5625,1934.5,11122,0.9429142058358236
k10k,157,0.6875,2.216380523339924,0.5375,0.6944444444444444,0.08203125,0,0.625,1983.5,8722,0.796870722860234
k10k,158,0.6796875,2.1474087270509536,0.5375,0.6944444444444444,0.09375,0,0.53125,1805.0,11587,1.23969066888099
k10k,159,0.7265625,2.0671362821486747,0.5375,0.7067307692307693,0.12890625,0.03125,0.6875,2696.5,12000,1.0720602180422638
k10k,160,0.66015625,1.9684065082170794,0.5375,0.6416666666666667,0.1796875,0.03125,0.5625,1689.5,12000,1.0703340814265965
k10k,161,0.6640625,1.8716980102149627,0.5375,0.6009615384615384,0.15234375,0,0.625,2403.0,12000,0.7443869188000919
k10k,162,0.60546875,1.775525499113481,0.5375,0.5982142857142857,0.17578125,0,0.625,2399.5,12000,1.1610005827006613
k10k,163,0.71484375,1.6929117725924439,0.5375,0.7543103448275862,0.203125,0.03125,0.5625,2615.0,12000,1.1865780208008632
k10k,164,0.68359375,1.5951798202777179,0.5375,0.6785714285714286,0.17578125,0,0.5625,2312.5,12000,1.330518624087707
k10k,165,0.71484375,1.4938963599074098,0.5375,0.6826923076923077,0.171875,0.03125,0.5,2478.5,12000,0.9844657485265347
k10k,166,0.71875,1.3830955938981941,0.5375,0.7129629629629629,0.19140625,0.03125,0.53125,2684.0,12000,1.0714269759189619
k10k,167,0.7109375,1.264753807691743,0.5375,0.6666666666666666,0.16015625,0,0.5625,2061.0,12000,0.9979568446825988
k10k,168,0.703125,1.1428911198472274,0.5375,0.7083333333333334,0.1484375,0,0.53125,2120.0,12000,1.2609084613584205
k10k,169,0.70703125,1.0203216133560664,0.5375,0.6975806451612904,0.14453125,0,0.625,2111.0,12000,1.077754747480517
k10k,170,0.74609375,0.8963784275622538,0.5375,0.74609375,0.140625,0,0.5625,2190.0,12000,0.8445881568833172
k10k,171,0.61328125,0.7626846037565851,0.5375,0.6008064516129032,0.17578125,0.03125,0.5625,3117.0,12000,1.127304615034528
k10k,172,0.73046875,0.652048145842617,0.5375,0.7025862068965517,0.1484375,0,0.375,1937.0,12000,1.0049652184317546
k10k,173,0.71484375,0.5311846565528394,0.5375,0.7010869565217391,0.125,0,0.46875,2152.0,12000,1.0854011142108175
k10k,174,0.71875,0.40667787029999514,0.5375,0.715,0.1796875,0.03125,0.46875,2743.5,12000,1.2295122469554518
k10k,175,0.77734375,0.2787418699230042,0.5375,0.7455357142857143,0.12109375,0,0.53125,2351.0,12000,0.9497591257063103
k10k,176,0.69140625,0.13522182590911053,0.5375,0.7129629629629629,0.125,0.03125,0.5625,1967.5,12000,1.1548468570857693
k10k,177,0.7109375,0.0001288888493849727,0.5375,0.6712962962962963,0.140625,0,0.71875,3232.0,12000,0.9448676459043045
k10k,178,0.6796875,0.0,0.5375,0.6853448275862069,0.203125,0.0625,0.53125,2929.0,12000,1.122940425936937
k10k,179,0.75390625,0.0,0.5375,0.75,0.13671875,0.03125,0.53125,1759.0,12000,1.2680986505459466
k10k,180,0.75390625,0.0,0.5375,0.7268518518518519,0.13671875,0,0.625,1782.0,12000,0.6505067268368565
k10k,181,0.66796875,0.0,0.5375,0.6541666666666667,0.125,0.03125,0.6875,2891.0,12000,0.9382727618523324
k10k,182,0.796875,0.0,0.5375,0.78125,0.07421875,0,0.46875,1818.0,8669,0.9218089084489282
k10k,183,0.65625,0.0,0.5375,0.671875,0.21484375,0.0625,0.5,2947.5,12000,1.2747325644122254
k10k,184,0.71484375,0.0,0.5375,0.7403846153846154,0.12109375,0,0.625,2098.0,12000,1.3699709718301223
k10k,185,0.6953125,0.0,0.5375,0.6853448275862069,0.11328125,0,0.625,2446.5,12000,1.1465369404332804
k10k,186,0.7265625,0.0,0.5375,0.7327586206896551,0.1875,0.03125,0.5625,2587.0,12000,1.0665522958485
k10k,187,0.70703125,0.0,0.5375,0.7370689655172413,0.171875,0,0.5625,2553.0,12000,1.1035292530316632
k10k,188,0.703125,0.0,0.5375,0.6696428571428571,0.0859375,0,0.5,1947.0,10623,1.1603893035874644
k10k,189,0.63671875,0.0,0.5375,0.6205357142857143,0.17578125,0,0.6875,2338.0,12000,1.0898278652192173
k10k,190,0.72265625,0.0,0.5375,0.6875,0.12109375,0,0.40625,2189.0,12000,1.1316347094982504
k10k,191,0.66015625,0.0,0.5375,0.6294642857142857,0.17578125,0,0.71875,2633.5,12000,0.983031407063682
k10k,192,0.796875,0.0,0.5375,0.7916666666666666,0.12109375,0.03125,0.4375,1467.0,12000,1.0847901668306696
k10k,193,0.62109375,0.0,0.5375,0.5905172413793104,0.15625,0,0.59375,2106.5,12000,1.3258991883485394
k10k,194,0.671875,0.0,0.5375,0.6442307692307693,0.17578125,0,0.5625,3010.0,12000,1.1578587549957418
k10k,195,0.73828125,0.0,0.5375,0.74,0.12109375,0,0.59375,2168.5,12000,1.1956268265520937
k10k,196,0.7734375,0.0,0.5375,0.734375,0.08984375,0,0.53125,1986.5,10255,1.2096624758247552
k10k,197,0.74609375,0.0,0.5375,0.7543103448275862,0.11328125,0,0.625,1940.5,12000,1.4352901659613926
k10k,198,0.74609375,0.0,0.5375,0.7327586206896551,0.0859375,0,0.53125,1884.5,10259,1.2168897836412225
k10k,199,0.76953125,0.0,0.5375,0.7644230769230769,0.1015625,0,0.59375,2215.5,11361,1.2840440811913578
k10k,200,0.65234375,0.0,0.5375,0.592391304347826,0.109375,0,0.65625,2559.0,12000,1.2178830205121847
k10k,201,0.63671875,0.0,0.5375,0.6203703703703703,0.140625,0,0.625,2139.0,12000,1.183094156468478
k10k,202,0.57421875,0.0,0.5375,0.5401785714285714,0.1796875,0,0.5625,2449.0,12000,1.094224627303812
k10k,203,0.6328125,0.0,0.5375,0.59375,0.13671875,0,0.71875,2186.0,12000,1.1912286300955222
k10k,204,0.6328125,0.0,0.5375,0.6666666666666666,0.09375,0,0.625,1722.0,11710,1.292959935766068
k10k,205,0.6875,0.0,0.5375,0.6197916666666666,0.109375,0,0.6875,2255.0,12000,1.3332241615169862
k10k,206,0.69140625,0.0,0.5375,0.640625,0.12109375,0,0.6875,2343.0,12000,1.4233430467223525
k10k,207,0.71484375,0.0,0.5375,0.7361111111111112,0.07421875,0,0.65625,2029.0,7890,1.634366469814144
k10k,208,0.578125,0.0,0.5375,0.5758928571428571,0.09375,0,0.71875,1817.5,10175,1.6965189874063549
k10k,209,0.6328125,0.0,0.5375,0.6339285714285714,0.1015625,0,0.59375,1709.5,11936,1.4091867063390933
k10k,210,0.62890625,0.0,0.5375,0.5729166666666666,0.0703125,0,0.75,2027.5,8274,1.375838915148283
k1k,0,0.80078125,0.5,0.6406,0.8104838709677419,0.04296875,0,0.5625,711.0,2657,0.27854799835025795
k1k,1,0.6640625,0.3798828125,0.6406,0.7068965517241379,0.09375,0,0.75,989.5,10774,0.35009529188719235
k1k,2,0.71875,0.29052734375,0.6406,0.7777777777777778,0.046875,0,0.59375,878.5,6283,0.3322109577619274
k1k,3,0.734375,0.2104003906250001,0.6406,0.7857142857142857,0.0234375,0,0.65625,716.0,3368,0.37300652880561863
k1k,4,0.6953125,0.1332177734375002,0.6406,0.7125,0.05859375,0,0.625,914.0,7775,0.41391291108292777
k1k,5,0.625,0.06688525390625025,0.6406,0.7115384615384616,0.07421875,0,0.6875,893.5,7118,0.6265200824528514
k1k,6,0.69140625,0.02396811523437528,0.6406,0.7410714285714286,0.046875,0,0.71875,861.0,5082,0.30626699477793007
k1k,7,0.68359375,0.0,0.6406,0.7327586206896551,0.02734375,0,0.75,745.5,4438,0.5775850931171584
k1k,8,0.7734375,0.0,0.6406,0.7931034482758621,0.01953125,0,0.59375,762.5,4233,0.723222203607855
k1k,9,0.60546875,0.0,0.6406,0.6481481481481481,0.02734375,0,0.65625,858.5,5244,0.8081728722160866
k1k,10,0.6171875,0.0,0.6406,0.6541666666666667,0.078125,0,0.65625,636.5,6624,0.6006866692553687
k1k,11,0.55078125,0.0,0.6406,0.5862068965517241,0.0625,0,0.8125,968.0,5867,0.7284930005351988
k1k,12,0.58984375,0.008241653075830163,0.6406,0.6712962962962963,0.0078125,0,0.8125,593.0,2823,0.5763985601549292
k1k,13,0.43359375,0.025436591478911336,0.6406,0.5,0.015625,0,0.90625,794.5,2902,0.4457463904630699
k1k,14,0.671875,0.08405507961106817,0.6406,0.7451923076923077,0.015625,0,0.71875,636.0,1932,0.5
k1k,15,0.578125,0.118056771303578,0.6406,0.6160714285714286,0.0078125,0,0.875,810.0,2525,0.5295350302122297
k1k,16,0.5234375,0.1559204554883349,0.6406,0.5925925925925926,0.046875,0,0.59375,628.0,4567,0.7095736213006075
k1k,17,0.546875,0.20879222191766478,0.6406,0.675,0.015625,0,0.6875,537.0,1897,0.1815181841570247
k1k,18,0.64453125,0.2668962084181957,0.6406,0.7222222222222222,0.0234375,0,0.71875,548.5,2558,0.3914642950933305
k1k,19,0.59765625,0.30669009271856745,0.6406,0.6129032258064516,0.015625,0,0.84375,710.5,2575,0.8035121883804467
k1k,20,0.5234375,0.34421378047882767,0.6406,0.6057692307692307,0.03125,0,0.6875,655.0,4180,0.8470430278230275
k1k,21,0.41796875,0.39684754941100986,0.6406,0.4353448275862069,0.04296875,0,0.8125,975.0,5120,0.6405080958849035
k1k,22,0.5625,0.4837888439135374,0.6406,0.6778846153846154,0.0078125,0,0.6875,533.5,2044,0.9843162375402388
k1k,23,0.5625,0.5622258750653066,0.6406,0.6116071428571429,0.0,0,0.75,719.5,3526,
k1k,24,0.44921875,0.6347099218715451,0.6406,0.6141304347826086,0.015625,0,0.59375,636.5,2527,0.5423985222920517
k1k,25,0.3828125,0.7285151608859121,0.6406,0.3879310344827586,0.0078125,0,0.8125,734.0,2844,0.3052274350572538
k1k,26,0.39453125,0.8521866406959689,0.6406,0.4945652173913043,0.01953125,0,0.625,781.0,3611,0.6080661732412121
k1k,27,0.5234375,0.9941277703130088,0.6406,0.6018518518518519,0.015625,0,0.71875,763.5,2692,0.44738797352728277
k1k,28,0.56640625,1.1198537485449367,0.6406,0.6383928571428571,0.0234375,0,0.59375,594.0,3482,0.7570314231851542
k1k,29,0.421875,1.2245611520572863,0.6406,0.45,0.02734375,0,0.75,892.5,4848,0.7516022136206306
k1k,30,0.4375,1.347075084515931,0.6406,0.47844827586206895,0.0234375,0,0.75,873.5,3237,0.7484094986433567
k1k,31,0.4453125,1.4785379622369823,0.6406,0.4722222222222222,0.015625,0,0.78125,734.5,4946,0.7291515381051946
k1k,32,0.44921875,1.6145072891417183,0.6406,0.5089285714285714,0.02734375,0,0.78125,777.0,2952,0.5221925732663704
k1k,33,0.453125,1.7527522242250335,0.6406,0.565,0.0078125,0,0.53125,586.0,2366,0.760141200554376
k1k,34,0.56640625,1.8917111787833543,0.6406,0.56640625,0.015625,0,0.84375,853.0,3238,0.659367910014427
k1k,35,0.40625,2.005681665724179,0.6406,0.4722222222222222,0.0390625,0,0.71875,960.0,5056,0.64742167379567
k1k,36,0.6171875,2.138195381582756,0.6406,0.6637931034482759,0.0390625,0,0.59375,700.0,5654,0.5872104226745916
k1k,37,0.359375,2.2362284201837603,0.6406,0.445,0.0390625,0,0.6875,954.0,3971,0.6806178287519022
k1k,38,0.4375,2.368132797204463,0.6406,0.5192307692307693,0.0234375,0,0.59375,744.5,3663,0.5579186302261662
k1k,39,0.5,2.506168986118955,0.6406,0.5740740740740741,0.0234375,0,0.625,792.0,4086,0.9779552993979174
k1k,40,0.54296875,2.6344349433590994,0.6406,0.665,0.0234375,0,0.625,788.0,4475,0.5820023444327024
k1k,41,0.50390625,2.7461937696772005,0.6406,0.6009615384615384,0.0234375,0,0.65625,813.5,3466,0.9230738361091185
k1k,42,0.484375,2.8551866668498715,0.6406,0.5989583333333334,0.0546875,0,0.78125,653.0,7531,0.6864388131772502
k1k,43,0.50390625,2.966637944870741,0.6406,0.5560344827586207,0.0390625,0,0.625,1200.5,6159,0.574086326413878
k1k,44,0.515625,3.0,0.6406,0.6153846153846154,0.03125,0,0.53125,759.5,4104,0.6481320256167123
k1k,45,0.546875,3.0,0.6406,0.6116071428571429,0.02734375,0,0.78125,932.5,4090,0.5886583084161865
k1k,46,0.6015625,3.0,0.6406,0.646551724137931,0.03515625,0,0.75,1212.0,5889,0.6998990155769674
k1k,47,0.640625,3.0,0.6406,0.6833333333333333,0.03125,0,0.625,876.0,4874,0.5077257142076397
k1k,48,0.703125,3.0,0.6406,0.7901785714285714,0.00390625,0,0.78125,886.5,2870,0.967391304347826
k1k,49,0.54296875,3.0,0.6406,0.5879629629629629,0.0390625,0,0.71875,869.0,5959,0.7050078493641782
k1k,50,0.6328125,3.0,0.6406,0.7142857142857143,0.046875,0,0.6875,777.5,4746,0.5803234032884437
k1k,51,0.58203125,3.0,0.6406,0.6388888888888888,0.046875,0,0.6875,857.5,4944,0.7703675739199494
k1k,52,0.6640625,3.0,0.6406,0.6551724137931034,0.0625,0,0.53125,902.0,5949,0.8459294842183704
k1k,53,0.68359375,3.0,0.6406,0.7596153846153846,0.01953125,0,0.625,744.0,3797,0.8020196680856654
k1k,54,0.71484375,3.0,0.6406,0.7458333333333333,0.02734375,0,0.5625,926.5,4971,0.7612653345292056
k1k,55,0.6015625,2.9852349787987524,0.6406,0.705,0.0546875,0,0.59375,786.0,6254,0.7273456661446404
k1k,56,0.6484375,2.9836885264578794,0.6406,0.7098214285714286,0.06640625,0,0.59375,737.0,7215,0.48418908288882945
k1k,57,0.5703125,2.9808481973192684,0.6406,0.6620370370370371,0.03515625,0,0.625,868.5,5916,0.9981846626324306
k1k,58,0.66796875,2.9946802794222407,0.6406,0.7241379310344828,0.09765625,0.03125,0.53125,1409.5,9574,0.6737023495232772
k1k,59,0.66015625,2.9982103931443214,0.6406,0.7740384615384616,0.04296875,0,0.59375,1226.5,6152,0.4040771317706928
k1k,60,0.6875,2.931,0.6406,0.7544642857142857,0.03515625,0,0.65625,1055.0,4492,0.562999579410285
k1k,61,0.75,2.895825,0.6406,0.8169642857142857,0.0390625,0,0.5,703.0,4935,0.8068411542396842
k1k,62,0.8046875,2.8465875,0.6406,0.8616071428571429,0.04296875,0,0.375,932.0,5404,0.41838050754564104
k1k,63,0.5703125,2.7752015625,0.6406,0.685,0.08203125,0,0.6875,1246.5,8943,0.4379986649662395
k1k,64,0.671875,2.74104609375,0.6406,0.8489583333333334,0.03125,0,0.625,994.0,3950,0.3928521588794729
k1k,65,0.73046875,2.710100390625,0.6406,0.8035714285714286,0.0546875,0,0.46875,929.0,5212,0.5437335560561576
k1k,66,0.65234375,2.6682179296875,0.6406,0.775,0.04296875,0,0.625,947.0,6165,0.39450065347316154
k1k,67,0.6796875,2.63625786328125,0.6406,0.75,0.078125,0,0.5,1309.5,9868,0.571518935544038
k1k,68,0.5859375,2.6050911292968753,0.6406,0.685,0.0703125,0,0.53125,1477.0,7935,0.6328653720056249
k1k,69,0.69140625,2.595573478007813,0.6406,0.6975806451612904,0.0859375,0,0.6875,1711.5,8987,0.6626815476382992
k1k,70,0.70703125,2.577479715855469,0.6406,0.7932692307692307,0.07421875,0.03125,0.4375,880.0,5558,0.7082056730085416
k1k,71,0.77734375,2.5498670510988286,0.6406,0.8083333333333333,0.03125,0,0.5625,869.5,5591,0.1821248098387801
k1k,72,0.73828125,2.4997708420191804,0.6406,0.8478260869565217,0.04296875,0,0.46875,842.0,4777,0.5962883678235519
k1k,73,0.84765625,2.442725214413427,0.6406,0.84765625,0.046875,0,0.40625,1032.0,6054,0.7034054028285067
k1k,74,0.765625,2.3562056188393994,0.6406,0.782258064516129,0.0546875,0,0.46875,1164.5,7899,0.43739917720299626
k1k,75,0.640625,2.2675112769375803,0.6406,0.7840909090909091,0.046875,0,0.625,1090.5,5142,0.6983015374447181
k1k,76,0.77734375,2.2054196126063066,0.6406,0.8024193548387096,0.05078125,0,0.53125,1347.0,6677,0.7058140755045399
k1k,77,0.75390625,2.131188103824415,0.6406,0.7833333333333333,0.0390625,0,0.65625,1358.5,5014,0.2978847346793405
k300,0,0.8515625,0.5,0.6813,0.8548387096774194,0.0390625,0,0.3125,601.5,3186,0.17495757983781796
k300,1,0.79296875,0.37226562500000004,0.6813,0.8103448275862069,0.06640625,0,0.5,909.0,8661,0.23437036327051952
k300,2,0.7265625,0.2577148437500001,0.6813,0.7407407407407407,0.08203125,0,0.5625,731.5,9118,0.38463395090897495
k300,3,0.8046875,0.1673339843750001,0.6813,0.8258928571428571,0.0390625,0,0.4375,588.5,5282,0.1966542149368192
k300,4,0.765625,0.07629394531250022,0.6813,0.7625,0.0625,0,0.46875,837.0,6567,0.19113301529028248
k300,5,0.7890625,0.0,0.6813,0.7980769230769231,0.04296875,0,0.40625,744.0,3279,0.011848135070552433
k300,6,0.7734375,0.0,0.6813,0.7991071428571429,0.0390625,0,0.5625,766.5,5883,0.1644932054472171
k300,7,0.85546875,0.0,0.6813,0.8620689655172413,0.01171875,0,0.5625,814.5,4222,0.0
k300,8,0.83203125,0.0,0.6813,0.8318965517241379,0.015625,0,0.5,596.0,4598,0.06454753098567342
k300,9,0.7734375,0.0,0.6813,0.7546296296296297,0.046875,0,0.59375,829.5,5357,0.734184594486166
k300,10,0.77734375,0.0,0.6813,0.775,0.0625,0,0.5,564.0,7069,0.06827972110731356
k300,11,0.7734375,0.0,0.6813,0.7887931034482759,0.0234375,0,0.71875,795.5,3765,0.06267117285263782
k300,12,0.7578125,0.0,0.6813,0.7962962962962963,0.0390625,0,0.53125,712.5,4140,0.20340336937847028
k300,13,0.74609375,0.0,0.6813,0.734375,0.02734375,0,0.78125,746.0,2894,0.45710388204231933
k300,14,0.83984375,0.0,0.6813,0.8509615384615384,0.0078125,0,0.5,488.5,1888,0.36712169619517865
k300,15,0.80859375,0.0,0.6813,0.8080357142857143,0.05078125,0,0.5,994.0,3401,0.14792838503359274
k300,16,0.7890625,0.0,0.6813,0.7870370370370371,0.0703125,0.03125,0.5,745.5,5737,0.19454404603806993
k300,17,0.765625,0.0,0.6813,0.835,0.04296875,0,0.5,529.0,4214,0.05740182776480944
k300,18,0.8515625,0.0,0.6813,0.8703703703703703,0.01171875,0,0.46875,601.5,3572,0.002934272300469484
k300,19,0.8359375,0.0,0.6813,0.8306451612903226,0.01171875,0,0.59375,793.5,2947,0.6407534447245666
k300,20,0.81640625,0.0,0.6813,0.8269230769230769,0.0078125,0,0.59375,506.5,2858,0.04726083401471791
k300,21,0.75390625,0.0,0.6813,0.75,0.03515625,0,0.625,909.5,4746,0.30533193327195884
k300,22,0.83203125,0.0,0.6813,0.875,0.0078125,0,0.5625,570.5,2417,0.7275971985274311
k300,23,0.89453125,0.0,0.6813,0.8973214285714286,0.00390625,0,0.5,522.5,3384,0.0
k300,24,0.71875,0.0,0.6813,0.8043478260869565,0.015625,0,0.6875,673.0,4545,0.0
k300,25,0.6796875,0.0,0.6813,0.6594827586206896,0.01953125,0,0.71875,677.0,3490,0.1292321644498186
k300,26,0.67578125,0.0,0.6813,0.7065217391304348,0.05859375,0,0.59375,563.5,4880,0.05433411131585086
k300,27,0.7890625,0.0,0.6813,0.7916666666666666,0.01171875,0,0.4375,731.0,2376,0.29872259650939986
k300,28,0.75390625,0.0,0.6813,0.7455357142857143,0.01953125,0,0.53125,566.5,3652,0.21358326315089377
k300,29,0.7421875,0.0,0.6813,0.7416666666666667,0.04296875,0,0.65625,844.0,4319,0.05464356694330968
k300,30,0.796875,0.0,0.6813,0.8103448275862069,0.0078125,0,0.59375,795.0,3391,0.5
k300,31,0.76171875,0.0,0.6813,0.7407407407407407,0.02734375,0,0.75,639.5,4414,0.14285714285714285
k300,32,0.75,0.0,0.6813,0.7678571428571429,0.02734375,0,0.6875,791.0,5193,0.24972157108693693
k300,33,0.71875,0.0,0.6813,0.75,0.03125,0,0.46875,441.0,2287,0.6022852987339252
k300,34,0.75,0.0,0.6813,0.75,0.0390625,0,0.65625,710.5,5803,0.3983910368171238
k300,35,0.69921875,0.0,0.6813,0.6851851851851852,0.015625,0,0.6875,848.5,4579,0.16646494952858515
k300,36,0.80078125,0.0,0.6813,0.7974137931034483,0.0234375,0,0.625,569.0,2971,0.10835211795218112
k300,37,0.68359375,0.0,0.6813,0.65,0.02734375,0,0.6875,807.5,3661,0.23765205091937766
k300,38,0.76953125,0.0,0.6813,0.7740384615384616,0.0234375,0,0.65625,624.5,4095,0.26800223406831886
k300,39,0.76171875,0.0,0.6813,0.7824074074074074,0.04296875,0,0.65625,578.0,3539,0.2576235120703387
k300,40,0.7265625,0.0,0.6813,0.745,0.02734375,0,0.5,533.5,5529,0.11629540305614881
k300,41,0.8046875,0.0,0.6813,0.8557692307692307,0.0,0,0.59375,681.0,3008,
k300,42,0.60546875,0.0,0.6813,0.6822916666666666,0.046875,0,0.71875,678.5,6190,0.01871326685906293
k300,43,0.6796875,0.0,0.6813,0.6767241379310345,0.015625,0,0.84375,681.5,2787,0.45751065739286517
k300,44,0.71484375,0.0,0.6813,0.6971153846153846,0.01953125,0,0.71875,552.0,4128,0.3629715016148006
k300,45,0.61328125,0.0,0.6813,0.6473214285714286,0.0234375,0,0.78125,610.5,2533,0.37890473310609313
k300,46,0.67578125,0.0016552994480440453,0.6813,0.6896551724137931,0.01171875,0,0.71875,830.0,4169,0.05171690910441808
k300,47,0.71875,0.00404447781167494,0.6813,0.7125,0.04296875,0,0.78125,533.5,3858,0.31470176366330016
k300,48,0.68359375,0.0,0.6813,0.7366071428571429,0.01171875,0,0.71875,699.0,2714,0.0
k300,49,0.56640625,0.0,0.6813,0.5694444444444444,0.02734375,0,0.8125,679.5,3880,0.0942700441853659
k300,50,0.6796875,0.022155816303725456,0.6813,0.7098214285714286,0.015625,0,0.75,698.5,2221,0.3674479281342199
k300,51,0.6328125,0.03801645021633335,0.6813,0.6064814814814815,0.01953125,0,0.71875,666.5,2359,0.23959591031662825
k300,52,0.73046875,0.06001733145515892,0.6813,0.7327586206896551,0.0078125,0,0.6875,650.5,2671,0.0
k300,53,0.7421875,0.0643437295723368,0.6813,0.7451923076923077,0.015625,0,0.71875,623.0,2212,0.027723064802048454
k300,54,0.68359375,0.05366127075436131,0.6813,0.7166666666666667,0.03125,0,0.625,694.0,3506,0.2600640218450961
k300,55,0.6796875,0.04565620583177843,0.6813,0.65,0.0546875,0,0.90625,427.5,3600,0.2743770780435487
k300,56,0.62890625,0.04040422288597045,0.6813,0.625,0.04296875,0,0.8125,563.5,3597,0.3709629990514862
k300,57,0.671875,0.048505178573904933,0.6813,0.6851851851851852,0.04296875,0,0.78125,566.0,5056,0.4108014659752403
k300,58,0.65625,0.05628522255545909,0.6813,0.6853448275862069,0.03125,0,0.71875,801.5,3744,0.0625
k300,59,0.69921875,0.06735625334254702,0.6813,0.7307692307692307,0.01953125,0,0.71875,636.0,2876,0.0832304220791998
k300,60,0.66015625,0.0710630061435086,0.6813,0.6785714285714286,0.02734375,0,0.71875,775.5,3406,0.08241916562043344
k300,61,0.69140625,0.07840382685418174,0.6813,0.7232142857142857,0.0078125,0,0.6875,517.5,1947,0.9378206369360347
k300,62,0.6796875,0.08125724510165291,0.6813,0.6919642857142857,0.01171875,0,0.71875,632.5,2679,0.31523126430442405
k300,63,0.59375,0.08360620037488281,0.6813,0.58,0.0078125,0,0.65625,773.0,3430,0.404060248853962
k300,64,0.640625,0.10493796906614378,0.6813,0.703125,0.00390625,0,0.75,556.0,2880,0.0
k300,65,0.70703125,0.12901083215002648,0.6813,0.71875,0.01953125,0,0.875,634.0,2417,0.0
k300,66,0.62109375,0.14006105505874442,0.6813,0.6,0.0234375,0,0.78125,669.5,2992,0.0004011231448054553
k300,67,0.6171875,0.16133136734484702,0.6813,0.6651785714285714,0.015625,0,0.78125,749.0,3302,0.0
k300,68,0.51171875,0.19063464844511885,0.6813,0.505,0.046875,0,0.75,708.5,4762,0.35410669750246315
k300,69,0.5703125,0.24929147646530922,0.6813,0.5685483870967742,0.015625,0,0.8125,863.0,3277,0.09671037320400899
k300,70,0.6171875,0.31531219357944257,0.6813,0.6442307692307693,0.0234375,0,0.65625,533.5,1924,0.5266258894582045
k300,71,0.71875,0.37594075805933597,0.6813,0.7125,0.0234375,0,0.59375,555.5,3177,0.3393587994542974
k300,72,0.72265625,0.40994325319526137,0.6813,0.7010869565217391,0.0078125,0,0.78125,494.0,2932,0.7342855283706403
k300,73,0.60546875,0.4244285935404092,0.6813,0.60546875,0.03125,0,0.75,632.5,3531,0.1452955444334413
k300,74,0.6328125,0.45161911303201263,0.6813,0.6411290322580645,0.015625,0,0.65625,620.5,2219,0.1328453718767994
k300,75,0.65625,0.48155091417613505,0.6813,0.6818181818181818,0.015625,0,0.84375,561.0,2438,0.9335359910041764
k300,76,0.5703125,0.5081281749770208,0.6813,0.5846774193548387,0.01171875,0,0.78125,735.5,2524,0.33371559633027525
k300,77,0.60546875,0.5516931950376408,0.6813,0.6333333333333333,0.0078125,0,0.8125,834.5,3428,0.030532982791586998
k300,78,0.625,0.5992394903300748,0.6813,0.6521739130434783,0.0078125,0,0.75,614.0,2717,0.0
k300,79,0.66015625,0.6451781470347786,0.6813,0.6944444444444444,0.02734375,0,0.6875,488.0,2667,0.0007190795781399807
k300,80,0.58203125,0.6820813004780713,0.6813,0.5766129032258065,0.03125,0,0.59375,1030.0,4004,0.051988663491641364
k300,81,0.65234375,0.7302377266383762,0.6813,0.6336206896551724,0.015625,0,0.78125,685.5,2560,0.1870041016185528
k300,82,0.625,0.7704511312005896,0.6813,0.6375,0.03515625,0,0.6875,730.5,3202,0.3755696801239595
k300,83,0.72265625,0.8112567643941391,0.6813,0.7241379310344828,0.0078125,0,0.78125,659.5,2289,0.3516949152542373
k300,84,0.7578125,0.8305043013796237,0.6813,0.7453703703703703,0.01171875,0,0.65625,584.0,2480,0.15270988820065798
k300,85,0.62890625,0.826751014769463,0.6813,0.6551724137931034,0.0390625,0,0.8125,657.5,4595,0.3892971177062065
k300,86,0.4296875,0.8359010578923505,0.6813,0.4305555555555556,0.02734375,0,0.78125,762.5,3145,0.05995621410903803
k300,87,0.6171875,0.8989076505783717,0.6813,0.6201923076923077,0.0078125,0,0.78125,627.0,2738,0.0
k300,88,0.63671875,0.9574263279585866,0.6813,0.6435185185185185,0.01953125,0,0.71875,772.0,4450,0.0012033694344163659
k300,89,0.64453125,1.008408933374737,0.6813,0.6379310344827587,0.03125,0,0.75,1074.0,5270,0.0009421137858871521
k300,90,0.66015625,1.0523584759160423,0.6813,0.6442307692307693,0.0234375,0,0.90625,570.5,3056,0.31265118858681823
k300,91,0.59375,1.087869249444956,0.6813,0.5991379310344828,0.0859375,0,0.71875,885.0,9580,0.041618111858978186
k300,92,0.68359375,1.1324142909151957,0.6813,0.7083333333333334,0.00390625,0,0.9375,582.5,2449,0.14538558786346398
k300,93,0.57421875,1.1630684761943635,0.6813,0.5401785714285714,0.04296875,0,0.8125,799.0,5922,0.2259381581364122
k300,94,0.63671875,1.208608437139781,0.6813,0.6294642857142857,0.0390625,0,0.65625,761.0,4159,0.3819966598775883
k300,95,0.51171875,1.250505941051573,0.6813,0.47115384615384615,0.03515625,0,0.8125,848.5,4568,0.18401199290775758
k300,96,0.6796875,1.3179787250398278,0.6813,0.6853448275862069,0.03125,0,0.75,683.0,5051,0.5680369420855739
k300,97,0.6796875,1.365561236331606,0.6813,0.6724137931034483,0.03515625,0,0.75,638.5,3287,0.027793304763679274
k300,98,0.625,1.3992205567358509,0.6813,0.6651785714285714,0.0234375,0,0.875,863.5,3278,0.2702155844130857
k300,99,0.6484375,1.4354383310188223,0.6813,0.6339285714285714,0.0546875,0,0.90625,1196.5,7396,0.06986310555498076
k300,100,0.74609375,1.4681735855169022,0.6813,0.7453703703703703,0.03125,0,0.65625,727.5,4213,0.1313754116953696
k300,101,0.671875,1.4764984199155582,0.6813,0.6875,0.03125,0,0.71875,891.5,4965,0.14824063503527704
k300,102,0.71484375,1.4844351789946175,0.6813,0.7307692307692307,0.03515625,0,0.6875,731.5,2911,0.16539245667686034
k300,103,0.66796875,1.482432316599959,0.6813,0.6847826086956522,0.0390625,0,0.71875,771.0,4561,0.041696004705701055
k300,104,0.703125,1.4840185941736983,0.6813,0.6875,0.0390625,0,0.625,876.0,5647,0.1503455045265867
k300,105,0.69921875,1.4802071134753156,0.6813,0.7291666666666666,0.0625,0,0.8125,559.0,7028,0.36883700789540796
k300,106,0.71875,1.4734961082364477,0.6813,0.725,0.0625,0,0.71875,724.5,5423,0.2420404848075087
k300,107,0.80859375,1.4603609045692403,0.6813,0.7777777777777778,0.015625,0,0.53125,500.5,2924,0.0003687315634218289
k300,108,0.7265625,1.422513918252195,0.6813,0.7163461538461539,0.01953125,0,0.71875,780.0,4901,0.1422728385990693
k300,109,0.671875,1.3858257153302636,0.6813,0.6637931034482759,0.06640625,0.03125,0.4375,777.0,4649,0.14548430359623274
k300,110,0.70703125,1.3622533482849115,0.6813,0.7163461538461539,0.0234375,0,0.625,718.5,2941,0.021087851372471326
k300,111,0.796875,1.339951910103165,0.6813,0.7884615384615384,0.046875,0,0.625,581.5,5191,0.5811069690332952
k300,112,0.78515625,1.2983252783759425,0.6813,0.75,0.015625,0,0.5625,768.0,3556,0.7030321497636907
k300,113,0.68359375,1.2458077299168868,0.6813,0.6853448275862069,0.01953125,0,0.65625,959.5,4857,0.4059780425115603
k300,114,0.6796875,1.2085181022455478,0.6813,0.7008928571428571,0.0390625,0,0.625,686.0,3788,0.2692495795517432
k300,115,0.80078125,1.1827669253756106,0.6813,0.8303571428571429,0.00390625,0,0.75,764.5,2453,0.05004523594114566
k300,116,0.7890625,1.1378465703166545,0.6813,0.7857142857142857,0.05078125,0,0.625,955.5,5597,0.04616028131070075
k300,117,0.7421875,1.0821445092753854,0.6813,0.7321428571428571,0.03125,0,0.59375,852.5,3783,0.2234351334465937
k300,118,0.66796875,1.029442129046497,0.6813,0.6805555555555556,0.046875,0,0.5625,729.5,5617,0.18395282730576296
k300,119,0.6953125,0.9955387441362752,0.6813,0.6875,0.08984375,0,0.5,1048.5,9965,0.10751938936539115
k300,120,0.7109375,0.9686423121991199,0.6813,0.78,0.04296875,0,0.53125,1086.0,6382,0.2897928787919875
k300,121,0.75390625,0.9431351223431113,0.6813,0.7544642857142857,0.03515625,0,0.71875,1032.5,4937,0.17164674636806174
k300,122,0.828125,0.9089324331939053,0.6813,0.8413461538461539,0.0234375,0,0.46875,667.5,3196,0.13433254343728093
k300,123,0.8203125,0.8519436757894611,0.6813,0.8185483870967742,0.01171875,0,0.6875,722.5,4148,0.21825710664402048
k300,124,0.734375,0.7807624831063502,0.6813,0.734375,0.078125,0,0.625,926.0,6097,0.1906343123038112
k300,125,0.78125,0.7189825232281726,0.6813,0.8269230769230769,0.01171875,0,0.625,740.5,4253,0.041476014356050826
k300,126,0.74609375,0.6532365513134484,0.6813,0.7453703703703703,0.03515625,0,0.5625,836.5,5412,0.4116759082941223
k300,127,0.6875,0.5926245272231414,0.6813,0.6785714285714286,0.03125,0,0.6875,950.5,5701,0.04959323490263777
k300,128,0.71484375,0.5487898603599266,0.6813,0.7644230769230769,0.01953125,0,0.6875,668.0,3571,0.000558659217877095
k300,129,0.7265625,0.5105469998056762,0.6813,0.6851851851851852,0.05859375,0,0.59375,878.5,7845,0.2500035285759719
k300,130,0.796875,0.47358168491770103,0.6813,0.8020833333333334,0.01171875,0,0.78125,548.5,2485,0.9573017140425777
k300,131,0.76171875,0.4216903394961185,0.6813,0.755,0.03125,0,0.75,623.5,3542,0.01923237412553977
k300,132,0.6796875,0.3672609289510108,0.6813,0.6594827586206896,0.0546875,0,0.65625,1029.5,7487,0.10758527842210423
k300,133,0.7578125,0.3295119040694355,0.6813,0.7314814814814815,0.015625,0,0.71875,945.0,4367,0.8242658519420873
k300,134,0.7578125,0.2858610241523328,0.6813,0.77,0.04296875,0,0.59375,978.5,5606,0.23318208907996518
k300,135,0.7578125,0.23807884571036095,0.6813,0.7777777777777778,0.02734375,0,0.65625,695.0,3638,0.05775075987841945
k300,136,0.73828125,0.1874047583009807,0.6813,0.7142857142857143,0.05859375,0,0.53125,1105.0,5870,0.017109760718654138
k300,137,0.8125,0.13910086586441453,0.6813,0.8291666666666667,0.01171875,0,0.53125,655.5,4142,0.09905634852004787
k300,138,0.734375,0.07575689115881826,0.6813,0.7314814814814815,0.05078125,0,0.71875,1028.0,3609,0.056840714955736754
k300,139,0.81640625,0.019462983864900862,0.6813,0.8348214285714286,0.0390625,0,0.5,682.5,5481,0.03893995016047649
k300,140,0.828125,0.0,0.6813,0.805,0.015625,0,0.5625,553.0,3469,0.3886078852892225
k300,141,0.74609375,0.0,0.6813,0.7407407407407407,0.06640625,0.03125,0.59375,896.0,6911,0.04012911009653758
k300,142,0.6875,0.0,0.6813,0.7098214285714286,0.0703125,0,0.59375,723.5,7008,0.0005963342979917565
k300,143,0.77734375,0.0,0.6813,0.7629310344827587,0.015625,0,0.5625,540.0,1984,0.0
k300,144,0.703125,0.0,0.6813,0.7314814814814815,0.03125,0,0.75,1105.5,5085,0.003632369350939185
k300,145,0.703125,0.0,0.6813,0.6586538461538461,0.0859375,0,0.65625,737.5,9515,0.23062225300566502
k300,146,0.72265625,0.0,0.6813,0.7125,0.05078125,0,0.59375,781.0,6791,0.2872275261095855
k300,147,0.73828125,0.0,0.6813,0.7884615384615384,0.0703125,0,0.5,977.0,9693,0.1660850826883924
k300,148,0.80859375,0.0,0.6813,0.795,0.03125,0,0.5625,857.5,4723,0.23169818991723173
k300,149,0.78515625,0.0,0.6813,0.78515625,0.0,0,0.53125,838.0,3446,
k300,150,0.80078125,0.0,0.6813,0.8,0.04296875,0,0.53125,777.0,6655,0.0
k300,151,0.7890625,0.0,0.6813,0.7692307692307693,0.0546875,0,0.5,600.0,3366,0.6360740387268743
k300,152,0.71875,0.0,0.6813,0.71875,0.03515625,0,0.625,736.5,5967,0.24304027302271958
k300,153,0.78125,0.0,0.6813,0.7629310344827587,0.03515625,0,0.46875,792.0,3283,0.34830154198007746
k300,154,0.7109375,0.0,0.6813,0.7546296296296297,0.0234375,0,0.75,951.5,4272,0.492179900680899
k300,155,0.625,0.0,0.6813,0.5991379310344828,0.03125,0,0.6875,731.0,3448,0.039885082324465596
k300,156,0.7421875,0.0,0.6813,0.75,0.01953125,0,0.625,959.5,4657,0.19504458670159838
k300,157,0.6875,0.0,0.6813,0.6944444444444444,0.0390625,0,0.75,899.0,5750,0.15932189955338152
k300,158,0.7265625,0.0,0.6813,0.7314814814814815,0.01171875,0,0.75,758.5,2677,0.63614110299566
k300,159,0.75,0.0,0.6813,0.7451923076923077,0.015625,0,0.71875,969.5,3659,0.4818802094728836
k300,160,0.75,0.0,0.6813,0.7458333333333333,0.0234375,0,0.71875,781.5,4223,0.0
k300,161,0.62109375,0.0,0.6813,0.5721153846153846,0.0234375,0,0.71875,839.0,2189,0.1669776119402985
k300,162,0.67578125,0.0,0.6813,0.6741071428571429,0.01953125,0,0.6875,873.5,3896,0.22023824793972713
k300,163,0.7578125,0.0,0.6813,0.7801724137931034,0.01171875,0,0.6875,782.5,3975,0.2049925024256858
k300,164,0.65625,0.0,0.6813,0.6473214285714286,0.0390625,0,0.6875,806.0,3596,0.022088387364478407
k300,165,0.703125,0.0,0.6813,0.7019230769230769,0.00390625,0,0.65625,776.5,2973,0.5
k300,166,0.65234375,0.0,0.6813,0.6759259259259259,0.00390625,0,0.78125,930.0,3742,0.0
k300,167,0.62890625,0.0,0.6813,0.5972222222222222,0.03125,0,0.84375,951.5,4637,0.3559860937743519
k300,168,0.65234375,0.010297020736988322,0.6813,0.6458333333333334,0.01953125,0,0.75,870.0,4274,0.04029830052923722
k300,169,0.73828125,0.024008841502880185,0.6813,0.7338709677419355,0.0,0,0.75,602.0,1860,
k300,170,0.7109375,0.020775084789004528,0.6813,0.7109375,0.00390625,0,0.8125,708.5,2850,0.04189944134078212
k300,171,0.69140625,0.01183176758929158,0.6813,0.7016129032258065,0.01953125,0,0.84375,1048.0,4472,0.0
k300,172,0.6484375,0.0032862892994925397,0.6813,0.6120689655172413,0.0546875,0,0.75,735.5,5388,0.2157874791264208
k300,173,0.69140625,0.004687266996633216,0.6813,0.6956521739130435,0.01171875,0,0.71875,783.5,3205,0.09626010585703483
k300,174,0.66015625,0.003382795134631744,0.6813,0.665,0.00390625,0,0.71875,791.0,3122,0.14852320675105485
k300,175,0.7109375,0.007215758581230719,0.6813,0.6919642857142857,0.01171875,0,0.84375,760.0,3070,0.2581231741489298
k300,176,0.64453125,0.003219145493850023,0.6813,0.6898148148148148,0.015625,0,0.6875,724.0,5183,0.4880364858457405
k300,177,0.671875,0.008683235082683566,0.6813,0.6990740740740741,0.00390625,0,0.75,846.5,2960,0.06397382376170598
k300,178,0.63671875,0.014617472794867109,0.6813,0.6594827586206896,0.0390625,0,0.78125,987.0,4106,0.03227011253310417
k300,179,0.71875,0.028790970443395653,0.6813,0.7258064516129032,0.00390625,0,0.71875,866.0,3417,0.0
k300,180,0.65234375,0.030274918797365713,0.6813,0.625,0.00390625,0,0.6875,833.0,2615,0.12971516551193227
k300,181,0.55078125,0.03781758889514478,0.6813,0.5375,0.05859375,0,0.6875,1024.0,6910,0.37225663796214536
k300,182,0.6328125,0.07245292671359016,0.6813,0.640625,0.00390625,0,0.71875,658.5,2571,0.9222985074626866
k300,183,0.51171875,0.10759610068650197,0.6813,0.5260416666666666,0.015625,0,0.8125,657.5,3315,0.09651238492697775
k300,184,0.66015625,0.17034085371754032,0.6813,0.7067307692307693,0.01953125,0,0.78125,857.5,3634,0.05996879730381118
k300,185,0.64453125,0.21900827458926722,0.6813,0.6637931034482759,0.01171875,0,0.78125,747.5,2909,0.24277819118754865
k300,186,0.66796875,0.261337187949476,0.6813,0.6681034482758621,0.00390625,0,0.75,831.0,3091,0.0
k300,187,0.671875,0.29395570855162223,0.6813,0.6982758620689655,0.01171875,0,0.78125,649.5,3906,0.07873759557507727
k300,188,0.58203125,0.3188980479731246,0.6813,0.5535714285714286,0.01953125,0,0.8125,769.0,2832,0.5023385766036582
k300,189,0.6484375,0.35868190431817626,0.6813,0.6428571428571429,0.015625,0,0.8125,913.0,3945,0.3598975188781014
k300,190,0.55078125,0.39391341625971243,0.6813,0.5528846153846154,0.00390625,0,0.78125,620.5,2973,0.09736042012161415
k300,191,0.65234375,0.4479309433687878,0.6813,0.6383928571428571,0.01171875,0,0.84375,915.0,3594,0.38051057060437626
k300,192,0.71875,0.4922471185951406,0.6813,0.75,0.0,0,0.65625,557.0,2441,
k300,193,0.66015625,0.5148309412535876,0.6813,0.6551724137931034,0.03125,0,0.75,718.0,4932,0.1445930172832751
k300,194,0.57421875,0.5353857108645006,0.6813,0.5913461538461539,0.015625,0,0.875,709.5,4907,0.46176225899164064
k300,195,0.625,0.5738560808421397,0.6813,0.635,0.0078125,0,0.625,756.0,2545,0.5
k300,196,0.68359375,0.6134415898264871,0.6813,0.65625,0.0,0,0.6875,669.5,2505,
k300,197,0.6640625,0.6406241023655304,0.6813,0.6767241379310345,0.01171875,0,0.75,705.5,2661,0.0
k300,198,0.66796875,0.6635190486428606,0.6813,0.6594827586206896,0.0234375,0,0.84375,696.0,3394,0.16131087559929347
k300,199,0.7578125,0.6825337922869918,0.6813,0.7836538461538461,0.0078125,0,0.71875,475.5,2253,0.9704603543942886
k300,200,0.609375,0.6786175503378837,0.6813,0.5597826086956522,0.0078125,0,0.71875,864.5,4441,0.9201772605265589
k300,201,0.640625,0.692048055973508,0.6813,0.625,0.03125,0,0.75,686.5,3826,0.0
k300,202,0.59765625,0.7105900349184451,0.6813,0.5892857142857143,0.03515625,0,0.6875,855.0,4304,0.1310031568206377
k300,203,0.59375,0.7423780139299011,0.6813,0.5714285714285714,0.02734375,0,0.6875,801.5,3459,0.5600749786725194
k300,204,0.62890625,0.7843170992379204,0.6813,0.6625,0.00390625,0,0.84375,903.0,2521,0.9693047449118456
k300,205,0.6484375,0.8254518027035338,0.6813,0.6145833333333334,0.01171875,0,0.78125,721.0,3401,0.0320078759064496
k300,206,0.71875,0.8616289076294633,0.6813,0.7447916666666666,0.01953125,0,0.59375,790.0,3415,0.38660454121033483
k300,207,0.72265625,0.8785153810776141,0.6813,0.7685185185185185,0.01953125,0,0.6875,769.0,3378,0.006359300476947535
k300,208,0.703125,0.8810195062413195,0.6813,0.7098214285714286,0.0078125,0,0.8125,903.5,4782,0.10019339448859911
k300,209,0.66015625,0.8778505188559134,0.6813,0.6651785714285714,0.01953125,0,0.625,769.5,2853,0.5015904121024156
k300,210,0.69921875,0.8803783214361292,0.6813,0.6927083333333334,0.00390625,0,0.625,703.0,2979,0.2566259991586033
k300,211,0.71484375,0.8781048144922803,0.6813,0.7239583333333334,0.03125,0,0.71875,710.0,3044,0.48471604506761834
k300,212,0.73046875,0.868954765881586,0.6813,0.7458333333333333,0.01171875,0,0.71875,765.5,2594,0.6317943598702271
k300,213,0.70703125,0.8514755131041001,0.6813,0.725,0.05078125,0,0.71875,720.5,3503,0.011978682442553125
k300,214,0.58984375,0.8334392549098599,0.6813,0.5972222222222222,0.015625,0,0.8125,856.5,4912,0.12837711277935232
k300,215,0.66015625,0.8413802804238919,0.6813,0.6851851851851852,0.03515625,0,0.625,676.5,6045,0.33869055347232296
k300,216,0.671875,0.8516850920337143,0.6813,0.6651785714285714,0.08984375,0,0.625,762.0,8435,0.1968167857781306
k300,217,0.71484375,0.8610078351605901,0.6813,0.7276785714285714,0.03515625,0,0.71875,668.5,3461,0.08322827744858484
k300,218,0.6875,0.8599751615994031,0.6813,0.7083333333333334,0.02734375,0,0.6875,870.0,4053,0.3493914684968183
k300,219,0.6796875,0.8578460401065723,0.6813,0.7037037037037037,0.02734375,0,0.71875,705.0,3295,0.17756092603636883
k300,220,0.7109375,0.8567072175615907,0.6813,0.695,0.03125,0,0.6875,790.0,4683,0.13113160271525423
k300,221,0.7109375,0.8492303542801036,0.6813,0.6805555555555556,0.0625,0,0.65625,664.0,4131,0.34153790972172265
k300,222,0.734375,0.8373168624830627,0.6813,0.7232142857142857,0.0625,0.03125,0.65625,636.5,3918,0.1252072968490879
k300,223,0.68359375,0.8170242932251341,0.6813,0.6435185185185185,0.02734375,0,0.8125,645.0,4234,0.3016399961624174
k300,224,0.6640625,0.8022921509945842,0.6813,0.6708333333333333,0.01953125,0,0.875,900.5,5604,0.19478676763650857
k300,225,0.78515625,0.7958468389331993,0.6813,0.7836538461538461,0.01953125,0,0.625,578.5,3794,0.07150489916229487
k300,226,0.7109375,0.7679562142402299,0.6813,0.7685185185185185,0.0078125,0,0.71875,897.5,3688,0.0
k300,227,0.75,0.7417530894551513,0.6813,0.7638888888888888,0.02734375,0,0.71875,614.0,3219,0.09613720022083502
k300,228,0.7265625,0.7079421521055963,0.6813,0.7403846153846154,0.0234375,0,0.5625,911.5,4324,0.06129735910705847
k300,229,0.78515625,0.6740791834609078,0.6813,0.7844827586206896,0.0078125,0,0.8125,828.5,3601,0.5708982653736154
k300,230,0.6640625,0.6269961991596259,0.6813,0.605,0.06640625,0,0.75,869.5,7393,0.1869794605810143
k300,231,0.76171875,0.5979052976487287,0.6813,0.7767857142857143,0.01171875,0,0.5625,570.0,3820,0.0925356443947442
k300,232,0.7109375,0.5594361978411007,0.6813,0.7155172413793104,0.015625,0,0.84375,720.0,3430,0.2263783204297624
k300,233,0.74609375,0.525828140475761,0.6813,0.7447916666666666,0.0078125,0,0.625,552.0,2485,0.26987234042553193
k300,234,0.68359375,0.48771265657002316,0.6813,0.7008928571428571,0.0234375,0,0.6875,953.5,4251,0.20665162530291636
k300,235,0.765625,0.4605044740860067,0.6813,0.7321428571428571,0.0234375,0,0.6875,787.5,6112,0.18327821447943557
k300,236,0.67578125,0.4224743713471951,0.6813,0.685,0.046875,0,0.78125,1075.5,7312,0.4192958136940492
k300,237,0.70703125,0.397083768180027,0.6813,0.7355769230769231,0.015625,0,0.6875,727.0,3305,0.006698417049270198
k300,238,0.6953125,0.37350956471300945,0.6813,0.7025862068965517,0.0234375,0,0.625,764.5,3334,0.20999148881246493
k300,239,0.63671875,0.35384355978609716,0.6813,0.6416666666666667,0.02734375,0,0.78125,853.5,4359,0.17366390845148047
k300,240,0.66796875,0.35009688758725865,0.6813,0.6583333333333333,0.03125,0,0.65625,894.5,6238,0.21598922350362296
k300,241,0.67578125,0.35046249829807175,0.6813,0.657608695652174,0.02734375,0,0.71875,952.5,4051,0.977964864249109
k300,242,0.703125,0.35194889454564093,0.6813,0.6958333333333333,0.01171875,0,0.65625,823.5,3495,0.5
k300,243,0.63671875,0.34806749691893935,0.6813,0.6026785714285714,0.03515625,0,0.59375,889.5,4583,0.4801495282895375
k300,244,0.6953125,0.35537004983024834,0.6813,0.6916666666666667,0.05859375,0,0.625,639.5,4789,0.18132789233727634
k300,245,0.6953125,0.3573177743681646,0.6813,0.685,0.0234375,0,0.625,922.0,4107,0.25150957927740714
k300,246,0.72265625,0.35551711904470606,0.6813,0.7115384615384616,0.015625,0,0.78125,1013.0,3512,0.37542372881355934
k300,247,0.76953125,0.3449402540682851,0.6813,0.7672413793103449,0.046875,0,0.6875,851.0,3932,0.71573055582505
k300,248,0.73828125,0.31767316733479045,0.6813,0.755,0.02734375,0,0.65625,696.0,3701,0.2605733206756134
k300,249,0.67578125,0.28575417537134423,0.6813,0.6517857142857143,0.01953125,0,0.71875,853.0,4592,0.0974547037270995
k300,250,0.76171875,0.2646413497469319,0.6813,0.79,0.015625,0,0.6875,907.5,3649,0.0
k300,251,0.7265625,0.23175690305984326,0.6813,0.7453703703703703,0.03125,0,0.65625,767.5,3911,0.1504016963754718
k300,252,0.64453125,0.19854247787888127,0.6813,0.625,0.03515625,0,0.75,806.5,5387,0.21681735267572527
k300,253,0.64453125,0.1835540990022079,0.6813,0.6064814814814815,0.0234375,0,0.71875,1137.0,4817,0.5098421534706683
k300,254,0.67578125,0.1813239525385366,0.6813,0.735,0.02734375,0,0.75,847.0,2903,0.41634610077536216
k300,255,0.7578125,0.18099331876396668,0.6813,0.7543103448275862,0.03125,0,0.75,798.5,3467,0.3052463455591689
k300,256,0.6875,0.16353531262176782,0.6813,0.6708333333333333,0.01171875,0,0.75,781.0,2256,0.9724998888087742
k300,257,0.65234375,0.14990845832222865,0.6813,0.6375,0.046875,0,0.625,955.5,5650,0.07516129157789364
k300,258,0.69921875,0.1468735665625513,0.6813,0.6896551724137931,0.05078125,0,0.65625,1058.5,5669,0.08078351383927465
k300,259,0.73046875,0.14070617358077722,0.6813,0.7112068965517241,0.0234375,0,0.75,675.0,3244,0.03229787939032472
k300,260,0.7109375,0.12531477974353536,0.6813,0.7232142857142857,0.01953125,0,0.8125,682.0,2865,0.03272112260720895
k300,261,0.6953125,0.10786111655746605,0.6813,0.7008928571428571,0.015625,0,0.6875,1075.5,4891,0.5
k300,262,0.69921875,0.09247948982721754,0.6813,0.7198275862068966,0.0234375,0,0.71875,717.0,4245,0.1688192188310198
k300,263,0.7421875,0.07766938236604365,0.6813,0.755,0.01171875,0,0.75,895.5,3110,0.3228870425100838
k300,264,0.6796875,0.053591369643222,0.6813,0.6805555555555556,0.03125,0,0.75,608.0,4209,0.13952304559197856
k300,265,0.7578125,0.03708832323724692,0.6813,0.7833333333333333,0.0,0,0.59375,693.0,2569,
k300,266,0.62890625,0.008309628253064388,0.6813,0.65625,0.0234375,0,0.875,859.0,3980,0.019354266597483488
k300,267,0.64453125,0.0,0.6813,0.6583333333333333,0.0234375,0,0.6875,799.0,4230,0.2975188375427206
k300,268,0.734375,0.00240429883275059,0.6813,0.7370689655172413,0.0078125,0,0.53125,723.5,4016,0.0
k300,269,0.671875,0.0,0.6813,0.6851851851851852,0.03515625,0,0.75,768.5,2769,0.55232440282174
k300,270,0.71484375,0.0,0.6813,0.7083333333333334,0.05859375,0,0.625,712.0,4732,0.4505913936758167
k300,271,0.734375,0.0,0.6813,0.7355769230769231,0.01953125,0,0.71875,645.5,2847,0.17985654312389204
k300,272,0.68359375,0.0,0.6813,0.6982758620689655,0.03515625,0,0.46875,709.5,4317,0.22448455908134385
k300,273,0.7265625,0.0,0.6813,0.7307692307692307,0.00390625,0,0.625,766.0,4244,0.0
k300,274,0.6328125,0.0,0.6813,0.6291666666666667,0.07421875,0,0.65625,853.5,6721,0.08823016228967374
k300,275,0.72265625,0.0,0.6813,0.7155172413793104,0.0390625,0,0.53125,779.0,6057,0.12792549290439678
k300,276,0.625,0.0,0.6813,0.625,0.0546875,0,0.75,1087.5,5553,0.4416778623105655
k300,277,0.75390625,0.004534834225520007,0.6813,0.775,0.0078125,0,0.71875,801.0,3355,0.0
k300,278,0.69921875,0.0,0.6813,0.6964285714285714,0.0234375,0,0.78125,805.0,3671,0.3361236258474415
k300,279,0.80859375,0.0,0.6813,0.7946428571428571,0.0078125,0,0.59375,802.0,2723,0.382773864828413
k300,280,0.66015625,0.0,0.6813,0.6979166666666666,0.00390625,0,0.78125,856.0,4637,0.0781642566020881
k300,281,0.6796875,0.0,0.6813,0.6774193548387096,0.04296875,0,0.625,731.5,4671,0.5319061437368526
k300,282,0.68359375,0.0,0.6813,0.68,0.01171875,0,0.75,731.5,4277,0.032288573628065545
k300,283,0.79296875,0.0,0.6813,0.8035714285714286,0.0,0,0.75,658.5,2525,
k30k,0,0.66015625,0.5,0.5281,0.6733870967741935,0.0234375,0,0.46875,517.5,3150,0.5543578817176271
k30k,1,0.53125,0.4009765625,0.5281,0.5818965517241379,0.1171875,0.03125,0.59375,745.5,12000,0.3781450232946864
k30k,2,0.53125,0.3309570312500001,0.5281,0.6203703703703703,0.07421875,0,0.5625,713.0,8578,0.8108619897585928
k30k,3,0.65234375,0.2812402343750002,0.5281,0.7455357142857143,0.03515625,0,0.53125,552.0,5617,0.6871310239919325
k30k,4,0.59765625,0.21848925781250023,0.5281,0.6291666666666667,0.0859375,0,0.5625,773.5,10127,0.6229137193892327
k30k,5,0.49609375,0.15891904296875028,0.5281,0.5817307692307693,0.1171875,0.03125,0.625,901.5,12000,0.8662317131651085
k30k,6,0.46875,0.12442692382812534,0.5281,0.5267857142857143,0.0859375,0,0.59375,913.0,9912,0.7449827845811466
k30k,7,0.625,0.1136418154296879,0.5281,0.6724137931034483,0.08203125,0,0.78125,765.0,5288,0.8651959935022662
k30k,8,0.6640625,0.08429536455078174,0.5281,0.6724137931034483,0.10546875,0,0.71875,984.0,12000,1.0746577835340272
k30k,9,0.55859375,0.03316691143554745,0.5281,0.6296296296296297,0.0703125,0,0.5,1155.5,10593,1.2568896137650998
k30k,10,0.5546875,0.0,0.5281,0.5875,0.14453125,0,0.625,747.5,12000,0.8641620091086758
k30k,11,0.51171875,0.0,0.5281,0.5646551724137931,0.15625,0,0.625,1446.5,12000,1.1036194939081352
k30k,12,0.5703125,0.0,0.5281,0.6574074074074074,0.14453125,0,0.46875,798.0,12000,1.3364283531671708
k30k,13,0.375,0.0,0.5281,0.4583333333333333,0.171875,0,0.65625,1727.0,12000,1.4995681043004576
k30k,14,0.53125,0.01732826471304766,0.5281,0.6442307692307693,0.16015625,0,0.625,939.0,12000,1.3180363347624886
k30k,15,0.5390625,0.028754925012181076,0.5281,0.6160714285714286,0.15234375,0,0.5625,1023.0,12000,1.216068894075684
k30k,16,0.5390625,0.034292649721574475,0.5281,0.6388888888888888,0.17578125,0,0.3125,1155.0,12000,1.2375525199218327
k30k,17,0.48046875,0.035708119518149894,0.5281,0.615,0.25,0.03125,0.4375,1128.5,12000,1.4424886776362424
k30k,18,0.53125,0.04742160462575276,0.5281,0.6203703703703703,0.26953125,0,0.59375,1254.0,12000,1.3577691958828726
k30k,19,0.51953125,0.05491791920107475,0.5281,0.5362903225806451,0.19140625,0,0.84375,1036.0,12000,1.274932965442184
k30k,20,0.48046875,0.06209893315380019,0.5281,0.5769230769230769,0.2421875,0,0.59375,1463.5,12000,1.3174886731861566
k30k,21,0.34765625,0.07784829917070801,0.5281,0.38362068965517243,0.359375,0,0.5,3610.0,12000,1.3234244419864347
k30k,22,0.53515625,0.1294783241325435,0.5281,0.6538461538461539,0.265625,0,0.625,1400.0,12000,1.670657966555558
k30k,23,0.51953125,0.16403731035582836,0.5281,0.5803571428571429,0.23046875,0,0.71875,1270.0,12000,1.4358769389794823
k30k,24,0.28125,0.19016219446212776,0.5281,0.391304347826087,0.45703125,0,0.53125,8967.5,12000,1.5779575103513421
k30k,25,0.296875,0.2639964883365374,0.5281,0.29310344827586204,0.44140625,0.03125,0.59375,7395.0,12000,1.2972636639329167
k30k,26,0.1953125,0.36771174404862417,0.5281,0.25,0.58984375,0.0625,0.4375,12000.0,12000,1.5785547510433788
k30k,27,0.265625,0.515195235547085,0.5281,0.3148148148148148,0.48828125,0.0625,0.625,11246.5,12000,1.506682580858757
k30k,28,0.19140625,0.6774961795960076,0.5281,0.20089285714285715,0.625,0.09375,0.5625,12000.0,12000,1.737058485013466
k30k,29,0.23046875,0.8668685591802534,0.5281,0.24583333333333332,0.546875,0.125,0.5625,12000.0,12000,1.6116411132853619
k30k,30,0.16796875,1.0664018811392255,0.5281,0.1810344827586207,0.6328125,0.125,0.5,12000.0,12000,1.6080429343325071
k30k,31,0.22265625,1.287110362760506,0.5281,0.2222222222222222,0.59375,0.28125,0.5,12000.0,12000,1.7897047955532956
k30k,32,0.2578125,1.5103367686454026,0.5281,0.29464285714285715,0.52734375,0.1875,0.375,12000.0,12000,1.631368101090324
k30k,33,0.1171875,1.72741556526483,0.5281,0.145,0.625,0.15625,0.34375,12000.0,12000,1.8417600708863635
k30k,34,0.31640625,1.9718316603984292,0.5281,0.31640625,0.4921875,0.1875,0.5,10791.5,12000,1.6518972671973733
k30k,35,0.17578125,2.1905596457419487,0.5281,0.19444444444444445,0.55859375,0.15625,0.40625,12000.0,12000,1.5715449211733485
k30k,36,0.28125,2.4229465792324123,0.5281,0.3017241379310345,0.56640625,0.21875,0.46875,12000.0,12000,1.66272134886048
k30k,37,0.11328125,2.6411643076757367,0.5281,0.145,0.66015625,0.1875,0.25,12000.0,12000,1.7204327129435395
k30k,38,0.203125,2.887256561336064,0.5281,0.22596153846153846,0.484375,0.15625,0.5625,11152.5,12000,1.8657291625320884
k30k,39,0.2578125,3.0,0.5281,0.2962962962962963,0.5625,0.25,0.34375,12000.0,12000,1.7159885854512085
k30k,40,0.18359375,3.0,0.5281,0.2,0.578125,0.25,0.375,12000.0,12000,1.7478257684310121
k30k,41,0.18359375,3.0,0.5281,0.22596153846153846,0.609375,0.3125,0.3125,12000.0,12000,1.787220316536524
k30k,42,0.234375,3.0,0.5281,0.3020833333333333,0.5234375,0.28125,0.34375,12000.0,12000,1.9141729205408295
k30k,43,0.15625,3.0,0.5281,0.1724137931034483,0.515625,0.15625,0.3125,12000.0,12000,1.6873321417321683
k30k,44,0.29296875,3.0,0.5281,0.34615384615384615,0.4296875,0.1875,0.40625,4779.5,12000,1.7834520395397297
k30k,45,0.34765625,3.0,0.5281,0.39285714285714285,0.39453125,0.15625,0.3125,4615.0,12000,1.737498114543716
k30k,46,0.34765625,3.0,0.5281,0.38362068965517243,0.3359375,0,0.53125,3781.0,12000,1.6069424166562674
k30k,47,0.41015625,3.0,0.5281,0.4375,0.375,0.125,0.40625,2846.5,12000,1.783382070185702
k30k,48,0.2109375,3.0,0.5281,0.24107142857142858,0.42578125,0.15625,0.4375,6687.0,12000,1.8539287990325453
k30k,49,0.35546875,3.0,0.5281,0.38425925925925924,0.265625,0.03125,0.3125,2766.0,12000,1.7237437494480177
k30k,50,0.4140625,3.0,0.5281,0.4732142857142857,0.30078125,0.0625,0.3125,1700.0,12000,1.7777318954666796
k30k,51,0.41796875,3.0,0.5281,0.4675925925925926,0.25,0,0.625,1783.0,12000,1.6296682286127118
k30k,52,0.5,3.0,0.5281,0.49137931034482757,0.26953125,0.03125,0.5625,2853.0,12000,1.8236342242346633
k30k,53,0.4609375,3.0,0.5281,0.5432692307692307,0.21484375,0,0.53125,2113.0,12000,1.604033603725542
k30k,54,0.51953125,3.0,0.5281,0.5541666666666667,0.2421875,0.03125,0.625,2242.5,12000,1.468632016012132
k30k,55,0.47265625,3.0,0.5281,0.6,0.17578125,0,0.3125,1301.5,12000,1.4144338446780937
k30k,56,0.62109375,3.0,0.5281,0.6696428571428571,0.12109375,0,0.46875,1117.5,12000,1.1532165818335638
k30k,57,0.55078125,3.0,0.5281,0.6342592592592593,0.09375,0,0.59375,1426.0,10166,1.570922637786015
k30k,58,0.59765625,3.0,0.5281,0.6594827586206896,0.08984375,0,0.4375,1597.5,10685,0.7604432166868033
k30k,59,0.57421875,2.98869956938229,0.5281,0.7067307692307693,0.07421875,0,0.34375,1592.5,8981,0.7989408171142542
k30k,60,0.59765625,2.9704181741998936,0.5281,0.6830357142857143,0.0859375,0,0.3125,1313.0,10170,1.1012983973956003
k30k,61,0.74609375,2.941976666322216,0.5281,0.7857142857142857,0.0703125,0.03125,0.40625,855.5,8380,1.1034541259165542
k30k,62,0.6640625,2.8730246420578416,0.5281,0.71875,0.08984375,0,0.4375,1359.5,10111,0.9662527554535764
k30k,63,0.47265625,2.7941722875727795,0.5281,0.6,0.13671875,0.03125,0.40625,2037.0,12000,0.9190639812343294
k30k,64,0.5625,2.7514561081832363,0.5281,0.7395833333333334,0.0546875,0,0.4375,1470.0,6657,0.6226801932791085
k30k,65,0.703125,2.713820407610556,0.5281,0.7857142857142857,0.0703125,0,0.40625,1540.5,9537,1.0090542277663246
k30k,66,0.5234375,2.64810041720968,0.5281,0.655,0.0859375,0,0.53125,1672.5,9793,0.5693392184080792
k30k,67,0.66796875,2.603151111429067,0.5281,0.7544642857142857,0.13671875,0.03125,0.40625,1880.5,12000,0.7585863205896268
k30k,68,0.52734375,2.5402217536326375,0.5281,0.625,0.140625,0,0.4375,2335.5,12000,0.9531639744491378
k30k,69,0.52734375,2.496346984425137,0.5281,0.532258064516129,0.1484375,0,0.5,1696.0,12000,0.688858191461498
k30k,70,0.56640625,2.465810427229887,0.5281,0.6875,0.078125,0.0625,0.28125,1203.5,6910,0.8917508490331633
k30k,71,0.703125,2.4358215559432117,0.5281,0.75,0.03515625,0,0.375,1213.5,5619,0.5818958251933881
k30k,72,0.64453125,2.375454346042539,0.5281,0.7717391304347826,0.06640625,0,0.34375,1353.5,7706,0.5336704456854869
k30k,73,0.828125,2.3070058928620685,0.5281,0.828125,0.0703125,0,0.25,1441.5,9013,0.9397997488990554
k30k,74,0.66015625,2.191591975635739,0.5281,0.6814516129032258,0.1328125,0,0.28125,1772.5,12000,0.8527792249448861
k30k,75,0.5859375,2.0810952023273086,0.5281,0.7215909090909091,0.078125,0,0.5,1692.0,10067,1.0155944094719052
k30k,76,0.7265625,1.9907396485114073,0.5281,0.75,0.07421875,0,0.5,1994.0,9186,0.6398171670261552
k30k,77,0.67578125,1.8828423233402765,0.5281,0.7208333333333333,0.08984375,0.03125,0.53125,1980.5,9426,1.0830505936243935
k30k,78,0.56640625,1.7740915394704848,0.5281,0.7445652173913043,0.1015625,0.03125,0.4375,1698.5,10183,0.8299039086488099
k30k,79,0.75,1.6893527095116307,0.5281,0.8425925925925926,0.0625,0,0.3125,1359.0,7576,0.4886095495165407
k30k,80,0.6484375,1.580113653540433,0.5281,0.6653225806451613,0.203125,0,0.5,2732.5,12000,0.650272022198412
k30k,81,0.71484375,1.4765760018605945,0.5281,0.7629310344827587,0.08203125,0,0.53125,1863.0,9630,0.8190242474334088
k30k,82,0.65234375,1.3620879269347075,0.5281,0.6916666666666667,0.1171875,0,0.375,1782.0,12000,0.8141616748952943
k30k,83,0.734375,1.2539970557365867,0.5281,0.7931034482758621,0.078125,0,0.46875,1601.5,8720,0.38490490708186414
k30k,84,0.7265625,1.1319271958979022,0.5281,0.8379629629629629,0.0390625,0,0.375,1257.5,4896,1.032113055252211
k30k,85,0.59375,1.0018298565108232,0.5281,0.646551724137931,0.06640625,0,0.5,1749.0,8289,1.062237041869159
k30k,86,0.55078125,0.8959960939398679,0.5281,0.6435185185185185,0.109375,0,0.4375,1910.5,12000,0.7054021831140946
k30k,87,0.58984375,0.8168148038901992,0.5281,0.7019230769230769,0.09765625,0,0.46875,1572.0,11752,0.8477983497943881
k30k,88,0.5390625,0.7475011821054312,0.5281,0.6388888888888888,0.12109375,0.03125,0.4375,1482.5,12000,0.8471720448413956
k30k,89,0.60546875,0.6965207093560936,0.5281,0.6637931034482759,0.078125,0,0.46875,2040.0,9604,0.5395217605456434
k30k,90,0.5859375,0.6434320346815573,0.5281,0.7067307692307693,0.078125,0,0.4375,1431.5,7264,0.7091600501248406
k30k,91,0.5078125,0.5932621499093819,0.5281,0.5517241379310345,0.109375,0,0.46875,2341.0,12000,0.6459825918280989
k30k,92,0.61328125,0.5627135430688591,0.5281,0.6666666666666666,0.01171875,0,0.71875,1424.0,5424,1.292491883151513
k30k,93,0.58203125,0.5221693620304932,0.5281,0.6517857142857143,0.12109375,0,0.375,1700.5,12000,0.8319298131444633
k30k,94,0.61328125,0.4816595290536371,0.5281,0.7008928571428571,0.04296875,0,0.46875,1907.0,6769,0.7925956081933836
k30k,95,0.4140625,0.4341424897198378,0.5281,0.4951923076923077,0.11328125,0,0.59375,2537.5,12000,1.0512408471201173
k30k,96,0.65234375,0.4265446246861784,0.5281,0.7198275862068966,0.08203125,0.03125,0.3125,1479.0,10286,0.9869367245262236
k30k,97,0.65625,0.39327690041261676,0.5281,0.6594827586206896,0.07421875,0,0.46875,1593.0,7419,0.8707167028916536
k30k,98,0.58203125,0.3411613684211237,0.5281,0.6607142857142857,0.03515625,0,0.5625,1826.0,6797,0.9842446433158629
k30k,99,0.50390625,0.2925515897770786,0.5281,0.5758928571428571,0.11328125,0,0.53125,2485.0,12000,0.9721980177326287
k30k,100,0.62109375,0.26397396347624713,0.5281,0.7361111111111112,0.04296875,0,0.5,1411.5,8148,0.7382626563724588
k30k,101,0.58203125,0.2230516563156651,0.5281,0.6208333333333333,0.07421875,0.03125,0.46875,1344.0,9355,0.8886605210499677
k30k,102,0.66015625,0.18227713505325774,0.5281,0.7980769230769231,0.01953125,0,0.3125,1404.5,4634,0.35899714915968156
k30k,103,0.44921875,0.12402793891957267,0.5281,0.6195652173913043,0.06640625,0,0.375,1394.0,8281,0.7226864257941381
k30k,104,0.51171875,0.10100740787599322,0.5281,0.5803571428571429,0.0625,0,0.28125,1667.5,7395,1.0664146060544888
k30k,105,0.5703125,0.08858444239548763,0.5281,0.6083333333333333,0.0234375,0,0.46875,1317.5,4956,0.9875090253741177
k30k,106,0.453125,0.07039617905913376,0.5281,0.52,0.09765625,0,0.375,1734.5,11523,1.0215250544179482
k30k,107,0.609375,0.07453939472368612,0.5281,0.6898148148148148,0.03515625,0,0.40625,742.0,5406,1.3093635805118229
k30k,108,0.55859375,0.05915839568887282,0.5281,0.6730769230769231,0.05859375,0,0.5,1432.5,7075,1.0617794540247127
k30k,109,0.63671875,0.04153622761450351,0.5281,0.6681034482758621,0.02734375,0,0.34375,1072.0,5011,1.7106253523746728
k30k,110,0.5390625,0.004767116212444994,0.5281,0.6490384615384616,0.03515625,0,0.46875,1419.0,6036,1.1939945452753495
k30k,111,0.5390625,0.0,0.5281,0.6105769230769231,0.0859375,0,0.4375,1397.0,9265,1.1657499383026728
k30k,112,0.54296875,0.0,0.5281,0.675,0.06640625,0,0.40625,1294.5,8490,1.6348333606063492
k30k,113,0.54296875,0.0,0.5281,0.5732758620689655,0.0859375,0,0.53125,1904.5,9546,1.3351862667849963
k30k,114,0.5859375,0.0,0.5281,0.6383928571428571,0.0546875,0,0.53125,1265.0,5714,1.3695692348755018
k30k,115,0.578125,0.0,0.5281,0.6607142857142857,0.0390625,0,0.46875,1384.0,5253,1.3733953786971402
k30k,116,0.49609375,0.0,0.5281,0.5580357142857143,0.0625,0,0.5,1759.0,7174,1.4133834507406409
k30k,117,0.5,0.0,0.5281,0.5714285714285714,0.1015625,0,0.40625,1473.5,11728,1.1603396378915074
k30k,118,0.5078125,0.0,0.5281,0.5972222222222222,0.046875,0,0.5,1528.0,6221,1.411863967618138
k30k,119,0.3359375,0.0027669595088204157,0.5281,0.390625,0.06640625,0,0.375,2259.0,9438,1.3001848631030903
k30k,120,0.5234375,0.04794601866499475,0.5281,0.635,0.0546875,0,0.5625,1768.0,9106,1.5290274194137643
k30k,121,0.39453125,0.08062604757431678,0.5281,0.42857142857142855,0.109375,0,0.625,2599.0,12000,1.2612013865867002
k30k,122,0.5390625,0.13356066156084223,0.5281,0.6105769230769231,0.05859375,0,0.4375,1423.0,7081,1.3836953781255317
k30k,123,0.578125,0.1681539538514101,0.5281,0.5967741935483871,0.1171875,0,0.625,2090.5,12000,1.4482352569105306
k30k,124,0.58203125,0.1811192584548076,0.5281,0.58203125,0.12109375,0.03125,0.46875,1930.5,12000,1.4306641107141047
k30k,125,0.44140625,0.1780660654271859,0.5281,0.5432692307692307,0.09765625,0,0.46875,1989.0,10965,1.7569931785755368
k30k,126,0.3984375,0.1954405490578507,0.5281,0.46296296296296297,0.23046875,0,0.6875,3064.0,12000,1.7892838255075747
k30k,127,0.44140625,0.2367823750993161,0.5281,0.48214285714285715,0.1484375,0.03125,0.53125,1995.5,12000,1.602214757365975
k30k,128,0.49609375,0.28523337207834193,0.5281,0.6009615384615384,0.09765625,0.03125,0.34375,1428.0,11299,1.7999819046110397
k30k,129,0.34765625,0.32635610121366,0.5281,0.3287037037037037,0.16015625,0.03125,0.5,2891.0,12000,1.6796965363038083
k30k,130,0.34375,0.39574748035838264,0.5281,0.4479166666666667,0.12890625,0,0.375,1743.5,12000,1.969673983833276
k30k,131,0.375,0.4858058207596886,0.5281,0.475,0.140625,0,0.53125,1673.5,12000,1.5865329764726888
k30k,132,0.30078125,0.5832997840406028,0.5281,0.3146551724137931,0.2109375,0.0625,0.5625,2914.5,12000,1.8319978376289343
k30k,133,0.421875,0.7026979020872428,0.5281,0.49074074074074076,0.14453125,0.03125,0.5625,2354.0,12000,1.9324300017258018
k30k,134,0.36328125,0.8101828347198908,0.5281,0.46,0.171875,0,0.34375,1983.0,12000,1.7612197692398994
k30k,135,0.50390625,0.9225121313127445,0.5281,0.5972222222222222,0.1015625,0.03125,0.34375,1627.0,9988,1.7049663846493635
k30k,136,0.328125,1.006591857677742,0.5281,0.375,0.23046875,0.0625,0.40625,3398.0,12000,1.755159562721142
k30k,137,0.44140625,1.1104476661332403,0.5281,0.4708333333333333,0.23046875,0.03125,0.4375,2081.0,12000,1.8797110870788176
k30k,138,0.296875,1.2026584508020892,0.5281,0.3425925925925926,0.1171875,0,0.5,2420.5,12000,1.4870131446172437
k30k,139,0.53515625,1.3192372500702834,0.5281,0.59375,0.046875,0,0.40625,1643.5,6868,2.0
k30k,140,0.44140625,1.3992603783080193,0.5281,0.525,0.09765625,0,0.40625,1560.5,10174,1.8586507298781305
k30k,141,0.47265625,1.4747882868244346,0.5281,0.5324074074074074,0.12109375,0.03125,0.25,1745.5,12000,1.821268468389193
k30k,142,0.51171875,1.5401382915359254,0.5281,0.5714285714285714,0.1328125,0.0625,0.5,1731.5,12000,1.763046315966763
k30k,143,0.57421875,1.589574701083969,0.5281,0.5948275862068966,0.1171875,0,0.46875,1440.5,12000,1.7895872456901671
k30k,144,0.3515625,1.6138090940175993,0.5281,0.4166666666666667,0.23828125,0.09375,0.34375,2569.0,12000,1.759645035298005
k30k,145,0.42578125,1.6704997315711407,0.5281,0.47115384615384615,0.1640625,0.03125,0.5625,2479.0,12000,1.8190407727037705
k30k,146,0.5078125,1.7332105216086198,0.5281,0.5416666666666666,0.125,0.03125,0.25,1918.0,12000,1.670780248017701
k30k,147,0.3359375,1.7816783871348552,0.5281,0.41346153846153844,0.203125,0.03125,0.34375,2211.5,12000,1.6957438243127365
k30k,148,0.48828125,1.85884808050322,0.5281,0.605,0.08984375,0,0.375,1696.5,8062,1.7357862167674827
k30k,149,0.671875,1.9218317096110753,0.5281,0.671875,0.16015625,0.03125,0.46875,1425.0,12000,1.462516607436532
k30k,150,0.4765625,1.933576499986574,0.5281,0.48333333333333334,0.10546875,0,0.34375,1821.5,12000,1.5416218371188837
k30k,151,0.59765625,1.9533994157494232,0.5281,0.7115384615384616,0.09375,0,0.375,1406.0,10710,1.22790851764956
k30k,152,0.5546875,1.9516309255334177,0.5281,0.59375,0.078125,0,0.4375,1255.5,9767,0.7691230163559898
k30k,153,0.4921875,1.9444164198822138,0.5281,0.5431034482758621,0.078125,0,0.3125,1864.5,10164,1.1862186446951608
k30k,154,0.44140625,1.9474522034263713,0.5281,0.5231481481481481,0.08203125,0,0.375,1993.5,10307,1.3201535383144194
k30k,155,0.4921875,1.9690889706572814,0.5281,0.5387931034482759,0.078125,0,0.53125,1816.5,8988,1.2900061546541552
k30k,156,0.6171875,1.9923206452189186,0.5281,0.6637931034482759,0.078125,0,0.4375,1749.5,7818,1.244128505359208
k30k,157,0.52734375,1.9885437549120646,0.5281,0.6157407407407407,0.09765625,0,0.53125,1825.5,10999,1.4857251709878299
k30k,158,0.56640625,1.9860757129472668,0.5281,0.6712962962962963,0.0390625,0,0.3125,1499.0,5610,1.4819788967000345
k30k,159,0.5546875,1.9757348023219083,0.5281,0.6826923076923077,0.1328125,0,0.28125,2241.5,12000,1.1351209997401062
k30k,160,0.6015625,1.9625196023841576,0.5281,0.6125,0.1328125,0,0.5,2136.0,12000,1.4676732301231403
k30k,161,0.42578125,1.936745524927732,0.5281,0.4951923076923077,0.11328125,0,0.46875,1855.5,12000,1.6030191561367988
k30k,162,0.46484375,1.9417310144582343,0.5281,0.5267857142857143,0.046875,0,0.53125,1866.0,7440,1.3697628995772346
k30k,163,0.59375,1.9594591383795859,0.5281,0.6551724137931034,0.08984375,0,0.4375,1960.5,10550,1.5378831778905988
k30k,164,0.50390625,1.957103200124532,0.5281,0.5758928571428571,0.06640625,0,0.46875,1964.5,9308,1.5868547316203616
k30k,165,0.48828125,1.9609032620959945,0.5281,0.5625,0.09375,0,0.625,1794.5,11587,1.3315527098925282
k30k,166,0.46875,1.9725281492260183,0.5281,0.5509259259259259,0.08203125,0,0.5,1834.5,9656,1.1324486433506782
k30k,167,0.50390625,1.9940249452170349,0.5281,0.5462962962962963,0.03125,0,0.5,1982.0,6740,1.8749520268649555
k30k,168,0.59765625,2.0145219211607466,0.5281,0.6375,0.046875,0,0.40625,1928.0,7191,1.5644124468153502
k30k,169,0.56640625,2.013225273071345,0.5281,0.5846774193548387,0.015625,0,0.5625,1393.5,5230,1.4865085914704235
k30k,170,0.6796875,2.0037043381587636,0.5281,0.6796875,0.02734375,0,0.375,1825.0,5708,0.989433609542327
k30k,171,0.47265625,1.9629381212199568,0.5281,0.4879032258064516,0.05859375,0,0.4375,2255.5,7143,1.083538386602919
k30k,172,0.59375,1.9468822381127922,0.5281,0.625,0.05859375,0,0.375,1682.5,7804,1.4481558981598859
k30k,173,0.43359375,1.920877494937777,0.5281,0.5760869565217391,0.01171875,0,0.28125,1396.5,3865,1.3322698656473215
k30k,174,0.46875,1.9239437059652662,0.5281,0.59,0.0703125,0,0.375,1661.0,8563,1.211230896190264
k30k,175,0.4765625,1.9394494286845088,0.5281,0.5401785714285714,0.0390625,0,0.40625,1989.5,7747,1.297630246013451
k30k,176,0.48828125,1.9619049970879785,0.5281,0.5740740740740741,0.09765625,0,0.3125,1648.0,10848,1.423205533244276
k30k,177,0.4453125,1.9865887387204073,0.5281,0.4861111111111111,0.05859375,0,0.5,1961.0,7734,1.2295334809591905
k30k,178,0.44921875,2.0225001703631076,0.5281,0.4827586206896552,0.109375,0,0.4375,2408.5,12000,1.4040502547560283
k30k,179,0.55859375,2.0653920787629976,0.5281,0.5766129032258065,0.109375,0,0.53125,2005.5,12000,1.4469813269391198
k30k,180,0.5703125,2.0885609458929206,0.5281,0.6388888888888888,0.0625,0,0.59375,1594.0,8487,0.9238272911315965
k30k,181,0.3515625,2.095286965383867,0.5281,0.37083333333333335,0.11328125,0,0.40625,2546.0,12000,1.204714190996428
k30k,182,0.47265625,2.1397217415275294,0.5281,0.6197916666666666,0.04296875,0,0.46875,1317.0,6477,1.408549080802219
k30k,183,0.40625,2.183306553578093,0.5281,0.5104166666666666,0.03125,0,0.3125,1274.0,5207,1.0553838515280007
k30k,184,0.50390625,2.2412377970134876,0.5281,0.6201923076923077,0.046875,0,0.40625,1343.0,8511,1.1504695204909532
k30k,185,0.41015625,2.287238886168264,0.5281,0.4525862068965517,0.03515625,0,0.40625,1736.5,6241,1.0161842128208625
k30k,186,0.55078125,2.3459826173266074,0.5281,0.5818965517241379,0.0703125,0,0.65625,1860.5,8290,0.8688134525795362
k30k,187,0.4609375,2.3820055728874476,0.5281,0.5086206896551724,0.05078125,0,0.28125,1165.5,6472,0.9944046182504309
k30k,188,0.5,2.422338829280036,0.5281,0.5535714285714286,0.04296875,0,0.40625,1506.0,5664,1.544749926828549
k30k,189,0.52734375,2.456900233754848,0.5281,0.5982142857142857,0.0859375,0,0.5,1381.5,10518,0.9514578260472722
k30k,190,0.42578125,2.4812689981372165,0.5281,0.5192307692307693,0.015625,0,0.4375,1317.5,5116,0.9815762257019203
k30k,191,0.4765625,2.5213544769548744,0.5281,0.5089285714285714,0.0234375,0,0.59375,1416.5,5512,1.0712302250439645
k30k,192,0.58984375,2.561015874627235,0.5281,0.6851851851851852,0.02734375,0,0.375,1098.5,5074,1.4198499628357477
k30k,193,0.53515625,2.574892134247887,0.5281,0.5732758620689655,0.01953125,0,0.3125,1198.5,6301,1.5257045984318711
k30k,194,0.5,2.583023484732344,0.5281,0.6057692307692307,0.0390625,0,0.40625,1349.0,6859,1.4784209692750736
k30k,195,0.51171875,2.5950435550714634,0.5281,0.615,0.0234375,0,0.40625,1241.0,4141,2.0
k30k,196,0.47265625,2.6071490105588473,0.5281,0.625,0.0234375,0,0.46875,1211.5,4776,1.833201901382226
k30k,197,0.51953125,2.628103298150016,0.5281,0.5732758620689655,0.04296875,0,0.59375,1379.0,5560,1.817464013257102
k30k,198,0.55859375,2.6447048932138344,0.5281,0.6077586206896551,0.03125,0,0.3125,1178.5,6364,1.4526466586750453
k30k,199,0.453125,2.6494705410085073,0.5281,0.5576923076923077,0.046875,0,0.40625,1112.5,5924,1.392940838483101
k30k,200,0.34375,2.669681494464778,0.5281,0.47282608695652173,0.06640625,0,0.5,1661.0,8609,1.0432524163736354
k30k,201,0.49609375,2.725313536884168,0.5281,0.5555555555555556,0.05859375,0,0.375,1129.0,9406,0.7960566312293252
k30k,202,0.52734375,2.771462997827741,0.5281,0.5669642857142857,0.05078125,0,0.46875,1258.5,7482,1.2405208974538022
k30k,203,0.59375,2.803943401738242,0.5281,0.6785714285714286,0.01953125,0,0.40625,1234.5,4438,0.9419697788539434
k30k,204,0.625,2.8119140594755927,0.5281,0.6666666666666666,0.01953125,0,0.375,1011.0,4431,1.317120698209356
k30k,205,0.515625,2.795696644891738,0.5281,0.6458333333333334,0.01171875,0,0.34375,1080.0,5293,0.9629089574873888
k30k,206,0.6640625,2.78715695468304,0.5281,0.7864583333333334,0.00390625,0,0.375,795.0,4261,0.7263681592039801
k30k,207,0.671875,2.7505932340369514,0.5281,0.7962962962962963,0.00390625,0,0.21875,829.0,3059,0.0
k30k,208,0.56640625,2.6926548795846896,0.5281,0.6205357142857143,0.0078125,0,0.5,898.5,3632,2.0
k30k,209,0.625,2.6434847502181062,0.5281,0.7098214285714286,0.0078125,0,0.40625,850.0,3773,0.30195054866446347
k30k,210,0.54296875,2.587268784661498,0.5281,0.6770833333333334,0.02734375,0,0.375,911.0,4360,1.0304400741904363
k30k,211,0.54296875,2.544577765021872,0.5281,0.6145833333333334,0.04296875,0,0.53125,1030.0,5266,1.7404967330468941
k30k,212,0.671875,2.5113542075241337,0.5281,0.6916666666666667,0.046875,0,0.4375,828.5,6683,1.400411731403336
k30k,213,0.65625,2.455753967275717,0.5281,0.6833333333333333,0.015625,0,0.375,881.0,4854,1.4993531999260004
k30k,214,0.46875,2.388005674101825,0.5281,0.5509259259259259,0.046875,0,0.5,1420.0,5933,1.5115787631904685
k30k,215,0.515625,2.3539412438801013,0.5281,0.5925925925925926,0.05859375,0,0.3125,1158.0,6765,1.4661187383419472
k30k,216,0.61328125,2.3329086427248944,0.5281,0.6741071428571429,0.05078125,0,0.375,1253.0,6387,0.9428722532585909
k30k,217,0.6484375,2.2990256656662496,0.5281,0.7098214285714286,0.05078125,0,0.40625,981.5,6402,1.290802930058435
k30k,218,0.4453125,2.248237269225198,0.5281,0.5277777777777778,0.04296875,0,0.5,1380.0,6845,1.6811734970143546
k30k,219,0.5703125,2.2313182042164623,0.5281,0.6712962962962963,0.01953125,0,0.28125,1458.0,5283,1.5996724608765547
k30k,220,0.453125,2.2099826712103474,0.5281,0.57,0.0390625,0,0.375,1293.0,6589,1.2638342951793435
k3k,0,0.75390625,0.5,0.6031,0.7701612903225806,0.046875,0,0.53125,631.0,3162,0.3405145559941451
k3k,1,0.625,0.38691406250000004,0.6031,0.6637931034482759,0.1015625,0,0.75,929.5,11989,0.45075545847686443
k3k,2,0.6171875,0.3028320312500001,0.6031,0.6805555555555556,0.03125,0,0.6875,743.5,5680,0.5707606793872239
k3k,3,0.6484375,0.24081054687500011,0.6031,0.7053571428571429,0.03515625,0,0.6875,625.0,3473,0.7068551890514494
k3k,4,0.640625,0.18720019531250018,0.6031,0.6708333333333333,0.0546875,0,0.625,740.0,6487,0.5073108094496895
k3k,5,0.5546875,0.14123544921875025,0.6031,0.6346153846153846,0.0859375,0,0.6875,702.0,7757,0.6671999809287826
k3k,6,0.59765625,0.11995856445312536,0.6031,0.6517857142857143,0.03125,0,0.8125,780.5,4708,0.4261123006594378
k3k,7,0.6328125,0.10629521386718793,0.6031,0.6767241379310345,0.0390625,0,0.75,858.0,3989,0.5517636746857576
k3k,8,0.71484375,0.09005118095703171,0.6031,0.7413793103448276,0.0390625,0,0.71875,735.5,5648,0.7119222866682134
k3k,9,0.59765625,0.05354363916992241,0.6031,0.6527777777777778,0.0234375,0,0.59375,808.5,5580,0.5780346820809249
k3k,10,0.63671875,0.0292188286689459,0.6031,0.6625,0.0703125,0,0.625,691.0,7485,0.6312469839112383
k3k,11,0.5625,0.004632867568262339,0.6031,0.5948275862068966,0.05078125,0,0.75,1109.5,7161,0.8081640717766405
k3k,12,0.5703125,0.0,0.6031,0.6666666666666666,0.0078125,0,0.65625,568.5,3521,0.49602266224104385
k3k,13,0.453125,0.0017341290606651405,0.6031,0.5520833333333334,0.03125,0,0.78125,952.5,4345,0.7654402825069189
k3k,14,0.59765625,0.03669801940313078,0.6031,0.6971153846153846,0.03125,0,0.71875,654.0,2973,0.6904090468383749
k3k,15,0.55859375,0.06240321139285676,0.6031,0.6339285714285714,0.02734375,0,0.6875,835.5,4149,0.5352703189150472
k3k,16,0.546875,0.09041637703566496,0.6031,0.6388888888888888,0.046875,0,0.53125,715.5,5363,0.7184629463365246
k3k,17,0.515625,0.1226818429856307,0.6031,0.655,0.0234375,0,0.59375,557.0,3866,0.7796472694440517
k3k,18,0.59375,0.1649551691506067,0.6031,0.6712962962962963,0.046875,0,0.65625,587.0,4631,0.8188493679043499
k3k,19,0.5234375,0.1966558724660899,0.6031,0.5362903225806451,0.01953125,0,0.8125,807.5,3715,1.363530205284155
k3k,20,0.5,0.23677605228692816,0.6031,0.5769230769230769,0.0234375,0,0.75,614.0,4367,0.9459830681304255
k3k,21,0.42578125,0.28806330316151496,0.6031,0.4698275862068966,0.05859375,0,0.5625,1167.5,7918,0.8897627787249779
k3k,22,0.52734375,0.36386672252372576,0.6031,0.6442307692307693,0.03515625,0,0.625,509.5,2883,1.3475969170051643
k3k,23,0.5078125,0.4339798973272733,0.6031,0.5580357142857143,0.0234375,0,0.78125,693.5,4440,0.8393205685562024
k3k,24,0.39453125,0.5045044321897566,0.6031,0.5380434782608695,0.04296875,0,0.625,731.5,4380,0.9025210113907196
k3k,25,0.37109375,0.6008052003434949,0.6031,0.38362068965517243,0.0625,0,0.6875,1189.0,7793,0.9184761465886077
k3k,26,0.35546875,0.7204227693011118,0.6031,0.44565217391304346,0.0390625,0,0.59375,740.0,5890,0.8300129399593957
k3k,27,0.48828125,0.8598777238214437,0.6031,0.5648148148148148,0.05859375,0,0.625,872.0,5144,0.845606292434423
k3k,28,0.5,0.983336035735676,0.6031,0.5535714285714286,0.08984375,0,0.6875,840.5,10549,0.9261065818117283
k3k,29,0.3359375,1.0929599790756386,0.6031,0.35833333333333334,0.1015625,0,0.65625,1247.5,10350,0.9253254609470735
k3k,30,0.39453125,1.2298139269136124,0.6031,0.4267241379310345,0.08984375,0,0.875,1283.5,8787,0.8178344248132999
k3k,31,0.34765625,1.3725452841501942,0.6031,0.375,0.05859375,0,0.6875,1074.0,6268,0.9095537611953151
k3k,32,0.421875,1.5299377029658014,0.6031,0.46875,0.09375,0,0.71875,1065.0,10398,0.974599509024949
k3k,33,0.3671875,1.6808936461367265,0.6031,0.46,0.04296875,0,0.5625,865.5,4231,1.109781174548323
k3k,34,0.4296875,1.8396487438563742,0.6031,0.4296875,0.0703125,0,0.78125,1431.0,8099,0.7443716701658276
k3k,35,0.33984375,1.9898007497601276,0.6031,0.37962962962962965,0.109375,0,0.6875,1632.0,12000,0.9240353204810172
k3k,36,0.48046875,2.154145435142755,0.6031,0.5172413793103449,0.08984375,0,0.84375,830.5,11379,0.8149457630942509
k3k,37,0.328125,2.296784371160594,0.6031,0.405,0.09765625,0,0.71875,1385.0,11590,0.6692965619625877
k3k,38,0.44140625,2.4585066263730813,0.6031,0.5192307692307693,0.05078125,0,0.71875,1032.5,5602,0.8051076705676927
k3k,39,0.4609375,2.6080989237718226,0.6031,0.5370370370370371,0.04296875,0,0.5625,920.0,5698,0.8548077280048132
k3k,40,0.50390625,2.7448057194509414,0.6031,0.585,0.0625,0,0.6875,861.5,6781,0.7659547823607723
k3k,41,0.54296875,2.8628246951763248,0.6031,0.6634615384615384,0.05078125,0,0.65625,1044.0,4630,0.9406817393872917
k3k,42,0.5078125,2.958973134434093,0.6031,0.640625,0.08984375,0,0.5625,831.0,9291,0.8212635883347003
k3k,43,0.46484375,3.0,0.6031,0.49137931034482757,0.04296875,0,0.78125,1514.5,7096,0.7761270803261109
k3k,44,0.59375,3.0,0.6031,0.6826923076923077,0.0625,0,0.5,943.0,5713,0.6837560987880577
k3k,45,0.5390625,3.0,0.6031,0.6160714285714286,0.03515625,0,0.625,914.5,6201,0.6697148827406536
k3k,46,0.546875,3.0,0.6031,0.5948275862068966,0.0625,0,0.5625,1505.0,8468,0.6304537670924462
k3k,47,0.6796875,3.0,0.6031,0.7166666666666667,0.046875,0,0.625,1120.0,6359,0.6275195351811607
k3k,48,0.62890625,3.0,0.6031,0.71875,0.0390625,0,0.59375,1137.5,5294,0.8280659350902062
k3k,49,0.4765625,3.0,0.6031,0.5046296296296297,0.05859375,0,0.625,1111.0,7328,0.775806204942382
k3k,50,0.6171875,2.9904,0.6031,0.7008928571428571,0.07421875,0.03125,0.625,955.5,7551,0.6846416012597938
k3k,51,0.578125,2.9798343750000003,0.6031,0.6620370370370371,0.04296875,0,0.65625,1262.0,6876,0.7737901228572248
k3k,52,0.69921875,2.9780578125000003,0.6031,0.7327586206896551,0.09765625,0,0.625,1075.5,11554,0.72788454909231
k3k,53,0.58984375,2.9551875000000005,0.6031,0.7115384615384616,0.0703125,0,0.53125,795.0,8722,0.6793395282846741
k3k,54,0.72265625,2.9421609375000006,0.6031,0.7625,0.0625,0,0.5,1184.0,6459,0.7678889232108906
k3k,55,0.60546875,2.9061421875000004,0.6031,0.72,0.0703125,0,0.5,815.5,8661,0.7382548783950663
k3k,56,0.68359375,2.8803960937500004,0.6031,0.7410714285714286,0.05859375,0,0.5,894.5,6699,0.7990009588652949
k3k,57,0.63671875,2.8442627343750004,0.6031,0.7361111111111112,0.03515625,0,0.6875,1089.5,6479,0.8862991745089376
k3k,58,0.6640625,2.8114051640625006,0.6031,0.728448275862069,0.09375,0,0.59375,1464.0,9819,0.6168974932999732
k3k,59,0.640625,2.7746883023437507,0.6031,0.7596153846153846,0.03515625,0,0.4375,1408.0,6498,0.4083717354057726
k3k,60,0.70703125,2.7405433741406258,0.6031,0.7991071428571429,0.03515625,0,0.4375,1204.0,5927,0.46632462841516936
k3k,61,0.7734375,2.6932573931484383,0.6031,0.8482142857142857,0.01953125,0,0.34375,766.0,4163,0.9844689100534744
k3k,62,0.71484375,2.621831268953907,0.6031,0.7946428571428571,0.03515625,0,0.46875,1169.5,6674,0.7052482786064672
k3k,63,0.546875,2.546690638267735,0.6031,0.7,0.10546875,0,0.40625,1379.0,12000,0.6196381348083733
k3k,64,0.6328125,2.506742821787415,0.6031,0.8177083333333334,0.0234375,0,0.5625,1092.0,5139,0.47544596913560794
k3k,65,0.703125,2.472094037751191,0.6031,0.7901785714285714,0.015625,0,0.53125,1131.5,4522,0.7057155996275932
k3k,66,0.5859375,2.425334263925834,0.6031,0.71,0.08203125,0,0.59375,1455.5,9964,0.7084440372449146
k3k,67,0.7109375,2.396463984748084,0.6031,0.7946428571428571,0.0546875,0,0.4375,1430.5,8208,0.5708474844999044
k3k,68,0.57421875,2.3519913518236595,0.6031,0.705,0.07421875,0,0.625,1924.5,9986,0.6595144574336688
k3k,69,0.67578125,2.327358790026562,0.6031,0.6975806451612904,0.1015625,0,0.40625,2006.0,11480,0.6140477162061407
k3k,70,0.671875,2.293762715518594,0.6031,0.8028846153846154,0.07421875,0,0.28125,913.0,7614,0.5947701978072315
k3k,71,0.74609375,2.254771088363016,0.6031,0.7958333333333333,0.0625,0,0.59375,1043.5,6635,0.7150401142244146
k3k,72,0.67578125,2.1953033556041115,0.6031,0.8043478260869565,0.046875,0,0.5625,832.0,4823,0.49130369779005784
k3k,73,0.84375,2.1373226614228784,0.6031,0.84375,0.05078125,0,0.46875,972.0,6623,0.397403005128583
k3k,74,0.76953125,2.0425899254960154,0.6031,0.7943548387096774,0.05078125,0,0.4375,1341.5,9836,0.6906257593592615
k3k,75,0.65234375,1.9388299790972112,0.6031,0.7954545454545454,0.0390625,0,0.71875,891.0,5800,0.6339216740459215
k3k,76,0.71484375,1.8551181728680484,0.6031,0.7379032258064516,0.07421875,0,0.65625,1353.5,7728,0.47143526406254255
k3k,77,0.7734375,1.7713775647576342,0.6031,0.825,0.0390625,0,0.53125,1670.5,7961,0.8296653507197701
k3k,78,0.671875,1.6744332015803443,0.6031,0.8152173913043478,0.0546875,0.03125,0.59375,1000.0,6976,0.2604464847911948
k3k,79,0.78125,1.5910977723562414,0.6031,0.8333333333333334,0.04296875,0,0.53125,775.0,5191,0.2596775214345878
k3k,80,0.7109375,1.4926792218993694,0.6031,0.7258064516129032,0.140625,0.03125,0.53125,2206.0,12000,0.6261380069299615
k3k,81,0.7734375,1.3995227990795591,0.6031,0.8275862068965517,0.02734375,0,0.59375,1671.5,7252,0.7222939533950347
k3k,82,0.7265625,1.2959873656056917,0.6031,0.7625,0.09765625,0,0.4375,1427.5,10483,0.8288231767452768
k3k,83,0.77734375,1.1957334996739846,0.6031,0.8405172413793104,0.05859375,0,0.4375,1174.0,8005,0.59568729669745
k3k,84,0.72265625,1.0863509497717896,0.6031,0.8472222222222222,0.04296875,0,0.46875,1116.5,5637,0.49616501378507233
k3k,85,0.73046875,0.9828830085902531,0.6031,0.7974137931034483,0.05859375,0,0.53125,1438.5,8242,0.7936210186632199
k3k,86,0.6015625,0.8817974810131777,0.6031,0.6851851851851852,0.06640625,0,0.625,1789.0,8235,0.5305364502428035
k3k,87,0.66796875,0.8113835492092248,0.6031,0.7932692307692307,0.0703125,0,0.53125,1321.0,9212,0.7677441347742398
k3k,88,0.60546875,0.7474983281964579,0.6031,0.7083333333333334,0.078125,0,0.5,1210.0,10097,0.9839437703106458
k3k,89,0.6796875,0.702245704737521,0.6031,0.7370689655172413,0.078125,0,0.625,1870.0,11042,0.7811244667918281
k3k,90,0.69140625,0.6533366808162653,0.6031,0.8125,0.03125,0,0.625,1045.5,7899,0.6752246534705229
k3k,91,0.62109375,0.5992314578213862,0.6031,0.6681034482758621,0.12890625,0,0.625,1832.0,12000,0.8268164174851433
k3k,92,0.75,0.557309207974971,0.6031,0.7824074074074074,0.05859375,0,0.71875,1417.0,7903,0.333887139672885
k3k,93,0.625,0.49491113308248036,0.6031,0.6964285714285714,0.12890625,0,0.4375,1434.0,12000,0.6867365086556124
k3k,94,0.671875,0.4463049806577369,0.6031,0.7633928571428571,0.03125,0,0.375,1412.5,5954,0.9636140581762435
k3k,95,0.59375,0.3968062989604164,0.6031,0.7163461538461539,0.05859375,0,0.5625,1655.5,7755,0.8095504919777886
k3k,96,0.6953125,0.3642609717722921,0.6031,0.6982758620689655,0.0546875,0,0.84375,1954.0,8894,0.5563392860138586
k3k,97,0.80078125,0.32073143024060513,0.6031,0.8189655172413793,0.04296875,0,0.5625,1078.5,5901,0.8034355319831139
k3k,98,0.74609375,0.24578246991842423,0.6031,0.8482142857142857,0.03125,0,0.4375,1292.0,5397,0.8135658293154695
k3k,99,0.6015625,0.1611446039428976,0.6031,0.65625,0.12109375,0.03125,0.59375,1480.5,12000,0.7816076347800884
k3k,100,0.71484375,0.10224403526002895,0.6031,0.8240740740740741,0.0390625,0,0.40625,1064.5,6057,0.6986832410451783
k3k,101,0.703125,0.03587129343202092,0.6031,0.75,0.05078125,0,0.5,1269.5,8612,0.8337490840565267
k3k,102,0.1328125,0.0,0.6031,0.1201923076923077,0.5078125,0.0625,0.65625,12000.0,12000,0.2128216800238197
k3k,103,0.5078125,0.057538106504276126,0.6031,0.6902173913043478,0.0703125,0,0.34375,849.5,8077,0.6246508979866998
k3k,104,0.625,0.11925446855726948,0.6031,0.7053571428571429,0.09765625,0.03125,0.53125,1151.5,10542,0.5842588295345622
k3k,105,0.7421875,0.15752842199436484,0.6031,0.7916666666666666,0.0546875,0,0.53125,883.5,5516,0.9351553056293451
k3k,106,0.62109375,0.1530255019003316,0.6031,0.755,0.0390625,0,0.40625,1095.5,8237,0.9799882058433694
k3k,107,0.75,0.14582486408450832,0.6031,0.8518518518518519,0.05078125,0,0.40625,707.5,7024,0.898231716145345
k3k,108,0.015625,0.10773191761343204,0.6031,0.019230769230769232,0.6953125,0.15625,0.125,12000.0,12000,0.21872057736394665
k3k,109,0.6875,0.21324873008367864,0.6031,0.7241379310344828,0.03515625,0,0.375,912.5,6268,0.4747453738046019
k3k,110,0.65625,0.26812049881285127,0.6031,0.7932692307692307,0.0546875,0,0.4375,1087.0,5990,0.5245887675740862
k3k,111,0.0234375,0.29457198692327213,0.6031,0.02403846153846154,0.53125,0.0625,0.09375,12000.0,12000,0.16532885567203057
k3k,112,0.02734375,0.4435120911005668,0.6031,0.025,0.4609375,0,0.125,9785.5,12000,0.15904731654264853
k3k,113,0.7109375,0.677315320274673,0.6031,0.771551724137931,0.08203125,0,0.625,1381.5,10151,0.7038066458280976
k3k,114,0.0078125,0.8167141431965474,0.6031,0.008928571428571428,0.55078125,0.03125,0.0625,12000.0,12000,0.2134603878654574
k3k,115,0.76171875,1.0482330067418595,0.6031,0.8705357142857143,0.0234375,0,0.5,1044.5,3600,0.4765126921505578
k3k,116,0.01171875,1.174606992473578,0.6031,0.013392857142857142,0.60546875,0.09375,0.09375,12000.0,12000,0.19476784172564168
k3k,117,0.03125,1.396129563735781,0.6031,0.03571428571428571,0.5,0.03125,0.15625,11936.0,12000,0.15782464237396032
k3k,118,0.00390625,1.679861613619323,0.6031,0.004629629629629629,0.59765625,0.03125,0.03125,12000.0,12000,0.24665406363960304
k3k,119,0.0234375,2.0132926422878024,0.6031,0.026041666666666668,0.640625,0,0.15625,12000.0,12000,0.17659554336174513
k3k,120,0.0234375,2.377118424855738,0.6031,0.025,0.60546875,0.03125,0.1875,12000.0,12000,0.31681802545780224
k3k,121,0.01171875,2.762220535153293,0.6031,0.013392857142857142,0.55078125,0,0.0625,12000.0,12000,0.15153934462644575
k3k,122,0.7109375,3.0,0.6031,0.8269230769230769,0.05078125,0,0.40625,1042.0,5751,0.3610583835507998
k3k,123,0.00390625,3.0,0.6031,0.004032258064516129,0.6953125,0.03125,0.03125,12000.0,12000,0.272746941089275
k3k,124,0.7734375,3.0,0.6031,0.7734375,0.09375,0,0.28125,1303.0,10806,0.5820590854095048
k3k,125,0.02734375,3.0,0.6031,0.02403846153846154,0.6484375,0,0.09375,12000.0,12000,0.225508278628717
k3k,126,0.01171875,3.0,0.6031,0.013888888888888888,0.68359375,0.0625,0.0625,12000.0,12000,0.14753327435791133
k3k,127,0.0234375,3.0,0.6031,0.022321428571428572,0.6171875,0.09375,0.15625,12000.0,12000,0.2191438812285039
k3k,128,0.015625,3.0,0.6031,0.019230769230769232,0.66796875,0.0625,0.09375,12000.0,12000,0.19874842147008692
k3k,129,0.61328125,3.0,0.6031,0.6759259259259259,0.12109375,0,0.71875,1457.0,12000,0.4709852839895955
k3k,130,0.671875,3.0,0.6031,0.8541666666666666,0.0078125,0,0.46875,713.0,2840,0.9743554068501287
k3k,131,0.5859375,3.0,0.6031,0.69,0.0390625,0,0.71875,846.5,5255,0.6864123759002784
k3k,132,0.65625,3.0,0.6031,0.6853448275862069,0.08203125,0,0.65625,1530.5,9798,0.608338857116165
k3k,133,0.01171875,3.0,0.6031,0.004629629629629629,0.74609375,0.09375,0.0625,12000.0,12000,0.28469728237657793
k3k,134,0.01171875,3.0,0.6031,0.015,0.74609375,0.09375,0.0625,12000.0,12000,0.1540916614445409
k3k,135,0.66796875,3.0,0.6031,0.7685185185185185,0.0625,0,0.625,882.0,9598,0.3891093349680484
k3k,136,0.56640625,3.0,0.6031,0.6294642857142857,0.109375,0,0.71875,1568.0,12000,0.5133974642508301
k3k,137,0.03125,3.0,0.6031,0.03333333333333333,0.79296875,0.21875,0.125,12000.0,12000,0.21952781669596805
k3k,138,0.62109375,3.0,0.6031,0.6990740740740741,0.06640625,0.03125,0.625,1355.0,8197,0.5478972986957149
k3k,139,0.640625,3.0,0.6031,0.7008928571428571,0.0234375,0,0.6875,1162.0,4997,0.38845356061706365
k3k,140,0.03515625,3.0,0.6031,0.03,0.765625,0.0625,0.15625,12000.0,12000,0.15570063526508074
k3k,141,0.45703125,3.0,0.6031,0.49537037037037035,0.0703125,0,0.75,1424.5,8145,0.7087136921921864
k3k,142,0.43359375,3.0,0.6031,0.4642857142857143,0.09765625,0,0.84375,1466.0,10819,0.29440484247998855
k3k,143,0.0546875,3.0,0.6031,0.0603448275862069,0.7734375,0.125,0.28125,12000.0,12000,0.1448637392324878
k3k,144,0.015625,3.0,0.6031,0.018518518518518517,0.8203125,0.25,0.09375,12000.0,12000,0.1265233377653283
k3k,145,0.5078125,3.0,0.6031,0.5576923076923077,0.0703125,0,0.84375,1893.0,9448,0.4431753954029873
k3k,146,0.05859375,3.0,0.6031,0.03333333333333333,0.8359375,0.3125,0.25,12000.0,12000,0.2501710709810389
k3k,147,0.04296875,3.0,0.6031,0.052884615384615384,0.8125,0.25,0.1875,12000.0,12000,0.22005119628278696
k3k,148,0.046875,3.0,0.6031,0.02,0.8046875,0.3125,0.25,12000.0,12000,0.23872665297979992
k3k,149,0.09765625,3.0,0.6031,0.09765625,0.80859375,0.4375,0.09375,12000.0,12000,0.11261078968304626
k3k,150,0.05859375,3.0,0.6031,0.058333333333333334,0.80859375,0.21875,0.28125,12000.0,12000,0.2645200367539185
k3k,151,0.16796875,3.0,0.6031,0.12980769230769232,0.69140625,0.1875,0.46875,12000.0,12000,0.22493379844139555
k3k,152,0.140625,3.0,0.6031,0.10267857142857142,0.71875,0.1875,0.40625,12000.0,12000,0.16020154642931164
k3k,153,0.1484375,3.0,0.6031,0.15086206896551724,0.67578125,0.125,0.46875,12000.0,12000,0.22987154883759828
k3k,154,0.08203125,3.0,0.6031,0.07407407407407407,0.125,0,0.34375,3021.5,12000,0.23613665871193432
k3k,155,0.03515625,3.0,0.6031,0.02586206896551724,0.22265625,0,0.1875,4171.5,12000,0.384197461632595
k3k,156,0.1015625,3.0,0.6031,0.09913793103448276,0.59765625,0.09375,0.3125,12000.0,12000,0.14666961048266464
k3k,157,0.00390625,3.0,0.6031,0.004629629629629629,0.27734375,0,0.03125,5754.0,12000,0.09188285144914193
k3k,158,0.15234375,3.0,0.6031,0.12037037037037036,0.60546875,0.0625,0.5,12000.0,12000,0.20786563635429292
k3k,159,0.12890625,3.0,0.6031,0.12980769230769232,0.55078125,0.0625,0.34375,12000.0,12000,0.16551026856626053
k3k,160,0.140625,3.0,0.6031,0.1375,0.40234375,0,0.375,8967.5,12000,0.21767102151187584
k3k,161,0.0,3.0,0.6031,0,0.57421875,0.03125,0,12000.0,12000,0.0021095162759573165
k3k,162,0.16015625,3.0,0.6031,0.16964285714285715,0.21875,0,0.40625,5499.5,12000,0.11395130604249903
k3k,163,0.0,3.0,0.6031,0,0.72265625,0.1875,0,12000.0,12000,0.017138136182453214
k3k,164,0.0,3.0,0.6031,0,0.703125,0.15625,0,12000.0,12000,0.07692939498549309
k3k,165,0.15234375,3.0,0.6031,0.12980769230769232,0.09375,0,0.5625,3818.0,11438,0.07067241846118717
k3k,166,0.13671875,3.0,0.6031,0.1388888888888889,0.0625,0,0.4375,3157.0,10344,0.08475864814735967
k3k,167,0.0,3.0,0.6031,0,0.86328125,0.375,0,12000.0,12000,0.12234693161746989
k3k,168,0.0,3.0,0.6031,0,0.890625,0.5625,0,12000.0,12000,0.2343322410876817
k3k,169,0.1796875,3.0,0.6031,0.1814516129032258,0.0234375,0,0.59375,2515.0,7347,0.14321891137239587
k3k,170,0.171875,3.0,0.6031,0.171875,0.00390625,0,0.46875,2327.5,6501,0.0006688963210702341
k3k,171,0.09765625,3.0,0.6031,0.10080645161290322,0.015625,0,0.4375,2500.0,6678,0.2760186172382665
k3k,172,0.12109375,3.0,0.6031,0.09482758620689655,0.0078125,0,0.40625,1852.0,6115,0.0007513661202185793
k3k,173,0.0,3.0,0.6031,0,0.875,0.53125,0,12000.0,12000,0.47120029321474405
k3k,174,0.171875,3.0,0.6031,0.19,0.00390625,0,0.46875,1372.0,4833,0.8651774633904195
k3k,175,0.08203125,3.0,0.6031,0.09375,0.0,0,0.34375,1567.5,5333,
k3k,176,0.12890625,3.0,0.6031,0.14351851851851852,0.0,0,0.40625,1257.0,4064,
k3k,177,0.0703125,3.0,0.6031,0.06944444444444445,0.0,0,0.21875,1241.5,3883,
k3k,178,0.0,3.0,0.6031,0,0.91796875,0.625,0,12000.0,12000,0.25837004609625064
k3k,179,0.0546875,3.0,0.6031,0.056451612903225805,0.0,0,0.21875,1055.0,3291,
k3k,180,0.0703125,3.0,0.6031,0.05092592592592592,0.0,0,0.21875,813.5,3500,
k3k,181,0.0,3.0,0.6031,0,0.98046875,0.875,0,12000.0,12000,0.41585535737468005
k3k,182,0.0,3.0,0.6031,0,0.9765625,0.8125,0,12000.0,12000,0.7095677168858134
k3k,183,0.00390625,3.0,0.6031,0.005208333333333333,0.0,0,0.03125,947.5,4614,
k3k,184,0.0,3.0,0.6031,0,0.96484375,0.78125,0,12000.0,12000,0.6447996267475814
k3k,185,0.0,3.0,0.6031,0,0.98046875,0.84375,0,12000.0,12000,0.34598031634338156
k3k,186,0.00390625,3.0,0.6031,0.004310344827586207,0.0,0,0.03125,988.5,3980,
k3k,187,0.0,3.0,0.6031,0,0.0,0,0,1049.5,3143,
k3k,188,0.0078125,3.0,0.6031,0,0.0,0,0.0625,1023.0,3127,
kall,0,0.68359375,0.5,0.5469,0.7056451612903226,0.01953125,0,0.40625,497.0,3372,1.286600636305044
kall,1,0.39453125,0.3974609375,0.5469,0.43103448275862066,0.18359375,0,0.4375,1492.0,12000,0.6208847390803635
kall,2,0.42578125,0.3599609375,0.5469,0.4861111111111111,0.14453125,0,0.59375,904.5,12000,0.8606009200527566
kall,3,0.46875,0.3609570312500001,0.5469,0.5178571428571429,0.1953125,0.03125,0.65625,1405.5,12000,0.7033579419115833
kall,4,0.421875,0.37923242187500017,0.5469,0.44583333333333336,0.20703125,0,0.5,1604.0,12000,0.8521432680721444
kall,5,0.33203125,0.42015019531250025,0.5469,0.38461538461538464,0.19921875,0,0.5625,1173.0,12000,0.9101400586583861
kall,6,0.359375,0.4971324804687503,0.5469,0.4017857142857143,0.2421875,0,0.53125,1420.5,12000,0.8827302895136852
kall,7,0.44921875,0.5932075800781254,0.5469,0.45689655172413796,0.1171875,0,0.84375,1055.5,12000,0.7162600709173207
kall,8,0.48046875,0.6824328060546879,0.5469,0.4525862068965517,0.2109375,0.03125,0.5625,1890.5,12000,0.7531920355199296
kall,9,0.50390625,0.7598318704882817,0.5469,0.5138888888888888,0.1796875,0,0.5,1838.0,12000,0.954415071301348
kall,10,0.3671875,0.8236791843417974,0.5469,0.38333333333333336,0.2734375,0.03125,0.4375,2801.0,12000,0.8461666232423929
kall,11,0.32421875,0.9088019915392584,0.5469,0.3232758620689655,0.3515625,0.0625,0.59375,3886.0,12000,0.9563450275623594
kall,12,0.50390625,1.0184856128274813,0.5469,0.5462962962962963,0.171875,0.03125,0.5625,1424.5,12000,1.1385372681564863
kall,13,0.45703125,1.1049321164792372,0.5469,0.4479166666666667,0.20703125,0.09375,0.6875,1766.0,12000,0.8643426674822476
kall,14,0.5859375,1.1856595127854663,0.5469,0.5625,0.14453125,0,0.75,1408.0,12000,0.9827820478714367
kall,15,0.59765625,1.2333796276998268,0.5469,0.5803571428571429,0.0625,0,0.65625,1316.5,7933,1.0328373559998374
kall,16,0.6015625,1.2553579268898791,0.5469,0.5925925925925926,0.03515625,0,0.5625,1114.0,6776,1.2542931111363607
kall,17,0.55859375,1.2584380488229159,0.5469,0.615,0.05859375,0,0.5625,959.0,8279,1.1764369511026016
kall,18,0.68359375,1.2579574154260416,0.5469,0.6759259259259259,0.03515625,0,0.375,810.0,5883,1.3267697392796134
kall,19,0.7421875,1.2268592532982296,0.5469,0.7419354838709677,0.0390625,0,0.59375,1120.0,4373,1.5996540219684479
kall,20,0.75,1.1611452273087612,0.5469,0.7163461538461539,0.0546875,0,0.4375,838.5,5130,1.4979832126992332
kall,21,0.55078125,1.0694422841161333,0.5469,0.5086206896551724,0.09375,0,0.46875,1583.5,9490,1.6308663396271237
kall,22,0.84765625,1.0043713176312938,0.5469,0.8653846153846154,0.01953125,0,0.4375,777.5,3515,1.2983297955364737
kall,23,0.8359375,0.8911458598419062,0.5469,0.8303571428571429,0.01171875,0,0.46875,967.0,3081,2.0
kall,24,0.75,0.7468489768893349,0.5469,0.7880434782608695,0.06640625,0,0.53125,1494.0,6704,1.703649469011017
kall,25,0.69140625,0.600138033822535,0.5469,0.6637931034482759,0.04296875,0,0.6875,1716.5,6913,1.5440779599296497
kall,26,0.63671875,0.46492084242577514,0.5469,0.6358695652173914,0.04296875,0,0.4375,1743.5,7548,1.5264694435998785
kall,27,0.65625,0.35005396469804323,0.5469,0.6296296296296297,0.02734375,0,0.59375,1567.0,4474,0.5699023447093338
kall,28,0.61328125,0.2450377752886309,0.5469,0.5580357142857143,0.1171875,0.03125,0.375,1455.0,12000,0.7180942002179549
kall,29,0.5625,0.1565850364520423,0.5469,0.5333333333333333,0.1328125,0,0.4375,1824.0,12000,1.469816124072653
kall,30,0.640625,0.0911524942664303,0.5469,0.603448275862069,0.16015625,0,0.59375,2349.0,12000,1.3667735759338875
kall,31,0.71484375,0.024255964736501906,0.5469,0.6620370370370371,0.1328125,0.03125,0.34375,1566.5,12000,1.5501338054259537
kall,32,0.59765625,0.0,0.5469,0.5758928571428571,0.265625,0.03125,0.5,2369.0,12000,1.1745356932981033
kall,33,0.3984375,0.0,0.5469,0.32,0.35546875,0.0625,0.625,4390.0,12000,1.547748134056641
kall,34,0.4296875,0.0,0.5469,0.4296875,0.40234375,0.1875,0.625,5323.5,12000,1.4277093981812565
kall,35,0.43359375,0.01512261591611419,0.5469,0.35648148148148145,0.40625,0.125,0.5625,6046.0,12000,1.2090578029881902
kall,36,0.41015625,0.05119672830739415,0.5469,0.38362068965517243,0.51171875,0.28125,0.5,12000.0,12000,1.3580894141942514
kall,37,0.30859375,0.10721032573129015,0.5469,0.22,0.56640625,0.21875,0.5625,12000.0,12000,0.8740414381220375
kall,38,0.21484375,0.20003312517801736,0.5469,0.17307692307692307,0.6015625,0.21875,0.46875,12000.0,12000,0.8090172433576277
kall,39,0.21484375,0.3397161160407264,0.5469,0.2037037037037037,0.54296875,0.1875,0.53125,12000.0,12000,0.9105167786895985
kall,40,0.18359375,0.5122012408946227,0.5469,0.2,0.55078125,0.25,0.4375,12000.0,12000,0.7570908828078169
kall,41,0.046875,0.7146791095423501,0.5469,0.04807692307692308,0.5703125,0.125,0.1875,12000.0,12000,0.928259219903263
kall,42,0.0546875,0.9689136175957593,0.5469,0.041666666666666664,0.66015625,0.1875,0.25,12000.0,12000,1.0854143223305373
kall,43,0.03515625,1.2576199607331457,0.5469,0.034482758620689655,0.5703125,0.125,0.15625,12000.0,12000,0.5763985977194785
kall,44,0.0078125,1.5748511196793162,0.5469,0.009615384615384616,0.6328125,0.1875,0.03125,12000.0,12000,0.5907974538167325
kall,45,0.01171875,1.9182019934416357,0.5469,0.013392857142857142,0.51953125,0,0.09375,12000.0,12000,0.3799341863563848
kall,46,0.00390625,2.278957761325259,0.5469,0.004310344827586207,0.609375,0.125,0.03125,12000.0,12000,0.4368413590409659
kall,47,0.0,2.6536547675937956,0.5469,0,0.375,0.03125,0,6777.0,12000,0.3056499812489039
kall,48,0.00390625,3.0,0.5469,0.004464285714285714,0.625,0.15625,0.03125,12000.0,12000,0.5726221337310969
kall,49,0.0,3.0,0.5469,0,0.71875,0.25,0,12000.0,12000,0.3848655757440238
kall,50,0.01171875,3.0,0.5469,0.013392857142857142,0.5859375,0.21875,0.09375,12000.0,12000,0.2816108728938562
kall,51,0.03125,3.0,0.5469,0.023148148148148147,0.640625,0.1875,0.09375,12000.0,12000,0.42624049955378956
kall,52,0.11328125,3.0,0.5469,0.10775862068965517,0.4140625,0.0625,0.3125,9011.0,12000,0.3915085996448372
kall,53,0.05859375,3.0,0.5469,0.052884615384615384,0.234375,0.03125,0.1875,6180.0,12000,0.7628483487701048
kall,54,0.0,3.0,0.5469,0,0.31640625,0.15625,0,6036.5,12000,0.834705975551163
kall,55,0.0,3.0,0.5469,0,0.453125,0.1875,0,8761.0,12000,0.4273618260691722
kall,56,0.0,3.0,0.5469,0,0.55078125,0.28125,0,12000.0,12000,0.5139735355662207
kall,57,0.0,3.0,0.5469,0,0.4140625,0.28125,0,7800.0,12000,0.5668526664279158
kall,58,0.0,3.0,0.5469,0,0.40234375,0.125,0,8179.0,12000,0.44652509817649794
kall,59,0.0,3.0,0.5469,0,0.49609375,0.15625,0,11913.0,12000,0.49407522565254375
kall,60,0.0,3.0,0.5469,0,0.46484375,0.0625,0,10797.5,12000,0.47293669787415077
kall,61,0.0,3.0,0.5469,0,0.54296875,0.03125,0,12000.0,12000,0.43682081225498415
kall,62,0.0,3.0,0.5469,0,0.7265625,0.1875,0,12000.0,12000,0.5025806345760045
kall,63,0.0,3.0,0.5469,0,0.796875,0.3125,0,12000.0,12000,0.5389281012185407
kall,64,0.0,3.0,0.5469,0,0.8203125,0.40625,0,12000.0,12000,0.46237484664176187
kall,65,0.0,3.0,0.5469,0,0.8359375,0.3125,0,12000.0,12000,0.5498646900034752
kall,66,0.0,3.0,0.5469,0,0.859375,0.34375,0,12000.0,12000,0.46128309072290385
kall,67,0.0,3.0,0.5469,0,0.9375,0.625,0,12000.0,12000,0.2739506466379251
kall,68,0.0,3.0,0.5469,0,0.9140625,0.5,0,12000.0,12000,0.31767586738423137
kall,69,0.0,3.0,0.5469,0,0.94921875,0.65625,0,12000.0,12000,0.2998169589324944
kall,70,0.0,3.0,0.5469,0,0.93359375,0.5625,0,12000.0,12000,0.29859368552470156
kall,71,0.0,3.0,0.5469,0,0.9609375,0.71875,0,12000.0,12000,0.40294530003577395
kall,72,0.0,3.0,0.5469,0,0.92578125,0.5625,0,12000.0,12000,0.319382661871299
kall,73,0.0,3.0,0.5469,0,0.94921875,0.625,0,12000.0,12000,0.26947769540748623
kall,74,0.0,3.0,0.5469,0,0.96875,0.78125,0,12000.0,12000,0.37571540678563375
kall,75,0.0,3.0,0.5469,0,0.953125,0.71875,0,12000.0,12000,0.31668885680780756
kall,76,0.0,3.0,0.5469,0,0.96484375,0.71875,0,12000.0,12000,0.3676606032579784
kall,77,0.0,3.0,0.5469,0,0.98046875,0.84375,0,12000.0,12000,0.424236805639807
kall,78,0.0,3.0,0.5469,0,0.94921875,0.65625,0,12000.0,12000,0.4189191606991413
kall,79,0.0,3.0,0.5469,0,0.9765625,0.875,0,12000.0,12000,0.5992966196401226
kall,80,0.0,3.0,0.5469,0,0.98828125,0.90625,0,12000.0,12000,0.6231331627205733
kall,81,0.0,3.0,0.5469,0,0.98046875,0.875,0,12000.0,12000,0.6135476291136321
kall,82,0.0,3.0,0.5469,0,0.96875,0.78125,0,12000.0,12000,0.6546794910040696
kall,83,0.0,3.0,0.5469,0,0.98828125,0.90625,0,12000.0,12000,0.71267050647148
kall,84,0.0,3.0,0.5469,0,0.9765625,0.84375,0,12000.0,12000,0.5655975525574987
kall,85,0.0,3.0,0.5469,0,0.97265625,0.84375,0,12000.0,12000,0.8041770260954331
kall,86,0.0,3.0,0.5469,0,0.94140625,0.71875,0,12000.0,12000,0.4724620457815386
kall,87,0.0,3.0,0.5469,0,0.890625,0.53125,0,12000.0,12000,0.494069732598581
kall,88,0.0,3.0,0.5469,0,0.94140625,0.625,0,12000.0,12000,0.7615311209957109
kall,89,0.0,3.0,0.5469,0,0.96875,0.78125,0,12000.0,12000,0.7028906628767423
kall,90,0.0,3.0,0.5469,0,0.98046875,0.875,0,12000.0,12000,0.5882414348920636
kall,91,0.0,3.0,0.5469,0,0.98828125,0.90625,0,12000.0,12000,0.5491604605157875
kall,92,0.0,3.0,0.5469,0,0.9921875,0.9375,0,12000.0,12000,0.7897601222363732
kall,93,0.0,3.0,0.5469,0,1.0,1,0,12000.0,12000,0.647614117040056
kall,94,0.0,3.0,0.5469,0,0.9921875,0.9375,0,12000.0,12000,0.6105307994632398
kall,95,0.0,3.0,0.5469,0,0.9921875,0.9375,0,12000.0,12000,0.77174986853409
kall,96,0.0,3.0,0.5469,0,0.9609375,0.75,0,12000.0,12000,0.5275989388872898
kall,97,0.0,3.0,0.5469,0,0.98828125,0.90625,0,12000.0,12000,0.6668873308052109
kall,98,0.0,3.0,0.5469,0,0.98828125,0.90625,0,12000.0,12000,0.6004857396527525
kall,99,0.0,3.0,0.5469,0,0.9921875,0.9375,0,12000.0,12000,0.5353858079803342
kall,100,0.0,3.0,0.5469,0,0.9765625,0.8125,0,12000.0,12000,0.5020759696298591
kall,101,0.0,3.0,0.5469,0,0.98828125,0.90625,0,12000.0,12000,0.4846724808304104
kall,102,0.0,3.0,0.5469,0,0.9921875,0.9375,0,12000.0,12000,0.6153923463687175
kall,103,0.0,3.0,0.5469,0,0.97265625,0.78125,0,12000.0,12000,0.6144901496405865
kall,104,0.0,3.0,0.5469,0,0.99609375,0.96875,0,12000.0,12000,0.5139147230477726
kall,105,0.0,3.0,0.5469,0,0.98828125,0.90625,0,12000.0,12000,0.5889658791871915
kall,106,0.0,3.0,0.5469,0,1.0,1,0,12000.0,12000,0.6551816620776487
kall,107,0.0,3.0,0.5469,0,0.98828125,0.90625,0,12000.0,12000,0.6140945704418114
kall,108,0.0,3.0,0.5469,0,0.9921875,0.9375,0,12000.0,12000,0.5303203070211967
kall,109,0.0,3.0,0.5469,0,0.9921875,0.9375,0,12000.0,12000,0.4770307159637723
kall,110,0.0,3.0,0.5469,0,1.0,1,0,12000.0,12000,0.5247045526505282
kall,111,0.0,3.0,0.5469,0,0.9921875,0.9375,0,12000.0,12000,0.3603351795510415
kall,112,0.0,3.0,0.5469,0,0.9921875,0.9375,0,12000.0,12000,0.42866331610000913
kall,113,0.0,3.0,0.5469,0,0.98828125,0.90625,0,12000.0,12000,0.28122649721118786
kall,114,0.0,3.0,0.5469,0,0.9921875,0.9375,0,12000.0,12000,0.40332830836228867
kall,115,0.0,3.0,0.5469,0,1.0,1,0,12000.0,12000,0.2766332033730873
kall,116,0.0,3.0,0.5469,0,0.9921875,0.9375,0,12000.0,12000,0.320252688265466
kall,117,0.0,3.0,0.5469,0,1.0,1,0,12000.0,12000,0.28846722685594856
kall,118,0.0,3.0,0.5469,0,0.99609375,0.96875,0,12000.0,12000,0.47956417040674487
kall,119,0.0,3.0,0.5469,0,1.0,1,0,12000.0,12000,0.44408312486050644
kall,120,0.0,3.0,0.5469,0,1.0,1,0,12000.0,12000,0.40570904554704856
kall,121,0.0,3.0,0.5469,0,1.0,1,0,12000.0,12000,0.3579590264138179
kall,122,0.0,3.0,0.5469,0,1.0,1,0,12000.0,12000,0.45876911182781105
kall,123,0.0,3.0,0.5469,0,0.99609375,0.96875,0,12000.0,12000,0.22295232130970716
kall,124,0.0,3.0,0.5469,0,1.0,1,0,12000.0,12000,0.1528296165341543
kall,125,0.0,3.0,0.5469,0,1.0,1,0,12000.0,12000,0.514406805427157
kall,126,0.0,3.0,0.5469,0,0.99609375,0.96875,0,12000.0,12000,0.4383456433827853
kall,127,0.0,3.0,0.5469,0,0.99609375,0.96875,0,12000.0,12000,0.3932262174630002
kall,128,0.0,3.0,0.5469,0,0.99609375,0.96875,0,12000.0,12000,0.4862919119786896
kall,129,0.0,3.0,0.5469,0,0.9921875,0.9375,0,12000.0,12000,0.4968940482425191
kall,130,0.0,3.0,0.5469,0,0.99609375,0.96875,0,12000.0,12000,0.6175955278626194
kall,131,0.0,3.0,0.5469,0,0.98828125,0.9375,0,12000.0,12000,0.5716175902810553
